case_id,new_rank,current_rank,failed_pairwise_rank,current_top1,new_top1,top1_delta,current_top3,new_top3,top3_delta,current_top5,new_top5,top5_delta,rank_delta,rank_change,candidate_source_mondo_expansion,candidate_source_hpo_expansion,candidate_source_similar_case
test::LLLdataset/dataset/processed/test/DDD.csv::case_1,2,2,2,False,False,0,True,True,0,True,True,0,0,unchanged,1,1,1
test::LLLdataset/dataset/processed/test/DDD.csv::case_10,24,29,23,False,False,0,False,False,0,False,False,0,5,improved,1,1,1
test::LLLdataset/dataset/processed/test/DDD.csv::case_100,1,1,1,True,True,0,True,True,0,True,True,0,0,unchanged,1,1,1
test::LLLdataset/dataset/processed/test/DDD.csv::case_101,40,51,999999,False,False,0,False,False,0,False,False,0,11,improved,1,1,1
test::LLLdataset/dataset/processed/test/DDD.csv::case_102,12,11,12,False,False,0,False,False,0,False,False,0,-1,worsened,1,1,1
test::LLLdataset/dataset/processed/test/DDD.csv::case_103,1,1,1,True,True,0,True,True,0,True,True,0,0,unchanged,1,1,1
test::LLLdataset/dataset/processed/test/DDD.csv::case_104,1,1,1,True,True,0,True,True,0,True,True,0,0,unchanged,1,1,1
test::LLLdataset/dataset/processed/test/DDD.csv::case_105,1,1,1,True,True,0,True,True,0,True,True,0,0,unchanged,1,1,1
test::LLLdataset/dataset/processed/test/DDD.csv::case_106,1,1,1,True,True,0,True,True,0,True,True,0,0,unchanged,1,1,1
test::LLLdataset/dataset/processed/test/DDD.csv::case_107,115,51,999999,False,False,0,False,False,0,False,False,0,-64,worsened,1,1,1
test::LLLdataset/dataset/processed/test/DDD.csv::case_108,6,6,6,False,False,0,False,False,0,False,False,0,0,unchanged,1,1,1
test::LLLdataset/dataset/processed/test/DDD.csv::case_109,999999,51,999999,False,False,0,False,False,0,False,False,0,-999948,worsened,1,1,1
test::LLLdataset/dataset/processed/test/DDD.csv::case_11,2,2,2,False,False,0,True,True,0,True,True,0,0,unchanged,1,1,1
test::LLLdataset/dataset/processed/test/DDD.csv::case_110,1,1,1,True,True,0,True,True,0,True,True,0,0,unchanged,1,1,1
test::LLLdataset/dataset/processed/test/DDD.csv::case_111,999999,51,999999,False,False,0,False,False,0,False,False,0,-999948,worsened,1,1,1
test::LLLdataset/dataset/processed/test/DDD.csv::case_112,1,2,1,False,True,1,True,True,0,True,True,0,1,improved,1,1,1
test::LLLdataset/dataset/processed/test/DDD.csv::case_113,1,1,1,True,True,0,True,True,0,True,True,0,0,unchanged,1,1,1
test::LLLdataset/dataset/processed/test/DDD.csv::case_114,1,1,1,True,True,0,True,True,0,True,True,0,0,unchanged,1,1,1
test::LLLdataset/dataset/processed/test/DDD.csv::case_115,1,1,1,True,True,0,True,True,0,True,True,0,0,unchanged,1,1,1
test::LLLdataset/dataset/processed/test/DDD.csv::case_116,11,11,11,False,False,0,False,False,0,False,False,0,0,unchanged,1,1,1
test::LLLdataset/dataset/processed/test/DDD.csv::case_117,1,1,1,True,True,0,True,True,0,True,True,0,0,unchanged,1,1,1
test::LLLdataset/dataset/processed/test/DDD.csv::case_118,1,1,1,True,True,0,True,True,0,True,True,0,0,unchanged,1,1,1
test::LLLdataset/dataset/processed/test/DDD.csv::case_119,14,15,13,False,False,0,False,False,0,False,False,0,1,improved,1,1,1
test::LLLdataset/dataset/processed/test/DDD.csv::case_12,123,51,999999,False,False,0,False,False,0,False,False,0,-72,worsened,1,1,1
test::LLLdataset/dataset/processed/test/DDD.csv::case_120,1,1,1,True,True,0,True,True,0,True,True,0,0,unchanged,0,1,1
test::LLLdataset/dataset/processed/test/DDD.csv::case_121,1,1,1,True,True,0,True,True,0,True,True,0,0,unchanged,1,1,1
test::LLLdataset/dataset/processed/test/DDD.csv::case_122,12,16,10,False,False,0,False,False,0,False,False,0,4,improved,1,1,1
test::LLLdataset/dataset/processed/test/DDD.csv::case_123,10,9,10,False,False,0,False,False,0,False,False,0,-1,worsened,1,1,1
test::LLLdataset/dataset/processed/test/DDD.csv::case_124,3,3,3,False,False,0,True,True,0,True,True,0,0,unchanged,1,1,1
test::LLLdataset/dataset/processed/test/DDD.csv::case_125,2,1,3,True,False,-1,True,True,0,True,True,0,-1,worsened,1,1,1
test::LLLdataset/dataset/processed/test/DDD.csv::case_126,26,21,26,False,False,0,False,False,0,False,False,0,-5,worsened,1,1,1
test::LLLdataset/dataset/processed/test/DDD.csv::case_127,2,2,2,False,False,0,True,True,0,True,True,0,0,unchanged,1,1,1
test::LLLdataset/dataset/processed/test/DDD.csv::case_128,26,36,23,False,False,0,False,False,0,False,False,0,10,improved,1,1,1
test::LLLdataset/dataset/processed/test/DDD.csv::case_129,1,1,1,True,True,0,True,True,0,True,True,0,0,unchanged,1,1,1
test::LLLdataset/dataset/processed/test/DDD.csv::case_13,999999,51,999999,False,False,0,False,False,0,False,False,0,-999948,worsened,1,1,1
test::LLLdataset/dataset/processed/test/DDD.csv::case_130,1,1,1,True,True,0,True,True,0,True,True,0,0,unchanged,1,1,1
test::LLLdataset/dataset/processed/test/DDD.csv::case_131,27,29,26,False,False,0,False,False,0,False,False,0,2,improved,1,1,1
test::LLLdataset/dataset/processed/test/DDD.csv::case_132,9,7,9,False,False,0,False,False,0,False,False,0,-2,worsened,1,1,1
test::LLLdataset/dataset/processed/test/DDD.csv::case_133,1,1,1,True,True,0,True,True,0,True,True,0,0,unchanged,1,1,1
test::LLLdataset/dataset/processed/test/DDD.csv::case_134,1,1,1,True,True,0,True,True,0,True,True,0,0,unchanged,1,1,1
test::LLLdataset/dataset/processed/test/DDD.csv::case_135,1,1,1,True,True,0,True,True,0,True,True,0,0,unchanged,1,1,1
test::LLLdataset/dataset/processed/test/DDD.csv::case_136,1,1,1,True,True,0,True,True,0,True,True,0,0,unchanged,1,1,1
test::LLLdataset/dataset/processed/test/DDD.csv::case_137,1,1,1,True,True,0,True,True,0,True,True,0,0,unchanged,1,1,1
test::LLLdataset/dataset/processed/test/DDD.csv::case_138,999999,51,999999,False,False,0,False,False,0,False,False,0,-999948,worsened,1,1,1
test::LLLdataset/dataset/processed/test/DDD.csv::case_139,1,1,1,True,True,0,True,True,0,True,True,0,0,unchanged,1,1,1
test::LLLdataset/dataset/processed/test/DDD.csv::case_14,11,7,15,False,False,0,False,False,0,False,False,0,-4,worsened,1,1,1
test::LLLdataset/dataset/processed/test/DDD.csv::case_140,6,4,6,False,False,0,False,False,0,True,False,-1,-2,worsened,1,1,1
test::LLLdataset/dataset/processed/test/DDD.csv::case_141,9,18,10,False,False,0,False,False,0,False,False,0,9,improved,1,1,1
test::LLLdataset/dataset/processed/test/DDD.csv::case_142,60,51,999999,False,False,0,False,False,0,False,False,0,-9,worsened,1,1,1
test::LLLdataset/dataset/processed/test/DDD.csv::case_143,11,9,12,False,False,0,False,False,0,False,False,0,-2,worsened,1,1,1
test::LLLdataset/dataset/processed/test/DDD.csv::case_144,6,7,6,False,False,0,False,False,0,False,False,0,1,improved,1,1,1
test::LLLdataset/dataset/processed/test/DDD.csv::case_145,16,12,16,False,False,0,False,False,0,False,False,0,-4,worsened,1,1,1
test::LLLdataset/dataset/processed/test/DDD.csv::case_146,28,28,28,False,False,0,False,False,0,False,False,0,0,unchanged,1,1,1
test::LLLdataset/dataset/processed/test/DDD.csv::case_147,6,8,5,False,False,0,False,False,0,False,False,0,2,improved,1,1,1
test::LLLdataset/dataset/processed/test/DDD.csv::case_148,6,5,3,False,False,0,False,False,0,True,False,-1,-1,worsened,1,1,1
test::LLLdataset/dataset/processed/test/DDD.csv::case_149,10,10,10,False,False,0,False,False,0,False,False,0,0,unchanged,1,1,1
test::LLLdataset/dataset/processed/test/DDD.csv::case_15,1,1,1,True,True,0,True,True,0,True,True,0,0,unchanged,1,1,1
test::LLLdataset/dataset/processed/test/DDD.csv::case_150,10,4,10,False,False,0,False,False,0,True,False,-1,-6,worsened,1,1,1
test::LLLdataset/dataset/processed/test/DDD.csv::case_151,93,51,999999,False,False,0,False,False,0,False,False,0,-42,worsened,1,1,1
test::LLLdataset/dataset/processed/test/DDD.csv::case_152,1,2,1,False,True,1,True,True,0,True,True,0,1,improved,1,1,1
test::LLLdataset/dataset/processed/test/DDD.csv::case_153,1,1,1,True,True,0,True,True,0,True,True,0,0,unchanged,1,1,1
test::LLLdataset/dataset/processed/test/DDD.csv::case_154,10,6,10,False,False,0,False,False,0,False,False,0,-4,worsened,1,1,1
test::LLLdataset/dataset/processed/test/DDD.csv::case_155,1,1,2,True,True,0,True,True,0,True,True,0,0,unchanged,1,1,1
test::LLLdataset/dataset/processed/test/DDD.csv::case_156,999999,51,999999,False,False,0,False,False,0,False,False,0,-999948,worsened,1,1,1
test::LLLdataset/dataset/processed/test/DDD.csv::case_157,1,1,1,True,True,0,True,True,0,True,True,0,0,unchanged,0,1,1
test::LLLdataset/dataset/processed/test/DDD.csv::case_158,38,51,999999,False,False,0,False,False,0,False,False,0,13,improved,1,1,1
test::LLLdataset/dataset/processed/test/DDD.csv::case_159,18,17,18,False,False,0,False,False,0,False,False,0,-1,worsened,1,1,1
test::LLLdataset/dataset/processed/test/DDD.csv::case_16,1,1,1,True,True,0,True,True,0,True,True,0,0,unchanged,1,1,1
test::LLLdataset/dataset/processed/test/DDD.csv::case_160,999999,51,999999,False,False,0,False,False,0,False,False,0,-999948,worsened,1,1,1
test::LLLdataset/dataset/processed/test/DDD.csv::case_161,56,51,999999,False,False,0,False,False,0,False,False,0,-5,worsened,1,1,1
test::LLLdataset/dataset/processed/test/DDD.csv::case_162,1,1,1,True,True,0,True,True,0,True,True,0,0,unchanged,1,1,1
test::LLLdataset/dataset/processed/test/DDD.csv::case_163,999999,51,999999,False,False,0,False,False,0,False,False,0,-999948,worsened,1,1,1
test::LLLdataset/dataset/processed/test/DDD.csv::case_164,6,3,6,False,False,0,True,False,-1,True,False,-1,-3,worsened,0,1,1
test::LLLdataset/dataset/processed/test/DDD.csv::case_165,2,1,2,True,False,-1,True,True,0,True,True,0,-1,worsened,1,1,1
test::LLLdataset/dataset/processed/test/DDD.csv::case_166,1,1,1,True,True,0,True,True,0,True,True,0,0,unchanged,1,1,1
test::LLLdataset/dataset/processed/test/DDD.csv::case_167,1,1,1,True,True,0,True,True,0,True,True,0,0,unchanged,1,1,1
test::LLLdataset/dataset/processed/test/DDD.csv::case_168,1,1,1,True,True,0,True,True,0,True,True,0,0,unchanged,1,1,1
test::LLLdataset/dataset/processed/test/DDD.csv::case_169,1,1,1,True,True,0,True,True,0,True,True,0,0,unchanged,1,1,1
test::LLLdataset/dataset/processed/test/DDD.csv::case_17,1,1,1,True,True,0,True,True,0,True,True,0,0,unchanged,1,1,1
test::LLLdataset/dataset/processed/test/DDD.csv::case_170,133,51,999999,False,False,0,False,False,0,False,False,0,-82,worsened,1,1,1
test::LLLdataset/dataset/processed/test/DDD.csv::case_171,11,12,10,False,False,0,False,False,0,False,False,0,1,improved,1,1,1
test::LLLdataset/dataset/processed/test/DDD.csv::case_172,5,7,3,False,False,0,False,False,0,False,True,1,2,improved,1,1,1
test::LLLdataset/dataset/processed/test/DDD.csv::case_173,6,6,6,False,False,0,False,False,0,False,False,0,0,unchanged,1,1,1
test::LLLdataset/dataset/processed/test/DDD.csv::case_174,2,2,2,False,False,0,True,True,0,True,True,0,0,unchanged,1,1,1
test::LLLdataset/dataset/processed/test/DDD.csv::case_175,7,7,8,False,False,0,False,False,0,False,False,0,0,unchanged,1,1,1
test::LLLdataset/dataset/processed/test/DDD.csv::case_176,16,16,16,False,False,0,False,False,0,False,False,0,0,unchanged,1,1,1
test::LLLdataset/dataset/processed/test/DDD.csv::case_177,2,2,2,False,False,0,True,True,0,True,True,0,0,unchanged,1,1,1
test::LLLdataset/dataset/processed/test/DDD.csv::case_178,8,7,8,False,False,0,False,False,0,False,False,0,-1,worsened,1,1,1
test::LLLdataset/dataset/processed/test/DDD.csv::case_179,13,12,13,False,False,0,False,False,0,False,False,0,-1,worsened,1,1,1
test::LLLdataset/dataset/processed/test/DDD.csv::case_18,999999,51,999999,False,False,0,False,False,0,False,False,0,-999948,worsened,1,1,1
test::LLLdataset/dataset/processed/test/DDD.csv::case_180,16,15,16,False,False,0,False,False,0,False,False,0,-1,worsened,1,1,1
test::LLLdataset/dataset/processed/test/DDD.csv::case_181,14,13,14,False,False,0,False,False,0,False,False,0,-1,worsened,1,1,1
test::LLLdataset/dataset/processed/test/DDD.csv::case_182,999999,51,999999,False,False,0,False,False,0,False,False,0,-999948,worsened,1,1,1
test::LLLdataset/dataset/processed/test/DDD.csv::case_183,27,28,27,False,False,0,False,False,0,False,False,0,1,improved,1,1,1
test::LLLdataset/dataset/processed/test/DDD.csv::case_184,999999,51,999999,False,False,0,False,False,0,False,False,0,-999948,worsened,0,1,1
test::LLLdataset/dataset/processed/test/DDD.csv::case_185,999999,51,999999,False,False,0,False,False,0,False,False,0,-999948,worsened,1,1,1
test::LLLdataset/dataset/processed/test/DDD.csv::case_186,6,6,6,False,False,0,False,False,0,False,False,0,0,unchanged,1,1,1
test::LLLdataset/dataset/processed/test/DDD.csv::case_187,10,13,10,False,False,0,False,False,0,False,False,0,3,improved,1,1,1
test::LLLdataset/dataset/processed/test/DDD.csv::case_188,1,1,1,True,True,0,True,True,0,True,True,0,0,unchanged,1,1,1
test::LLLdataset/dataset/processed/test/DDD.csv::case_189,31,31,30,False,False,0,False,False,0,False,False,0,0,unchanged,1,1,1
test::LLLdataset/dataset/processed/test/DDD.csv::case_19,9,9,9,False,False,0,False,False,0,False,False,0,0,unchanged,1,1,1
test::LLLdataset/dataset/processed/test/DDD.csv::case_190,8,7,8,False,False,0,False,False,0,False,False,0,-1,worsened,1,1,1
test::LLLdataset/dataset/processed/test/DDD.csv::case_191,41,41,41,False,False,0,False,False,0,False,False,0,0,unchanged,1,1,1
test::LLLdataset/dataset/processed/test/DDD.csv::case_192,10,10,10,False,False,0,False,False,0,False,False,0,0,unchanged,1,1,1
test::LLLdataset/dataset/processed/test/DDD.csv::case_193,14,14,14,False,False,0,False,False,0,False,False,0,0,unchanged,1,1,1
test::LLLdataset/dataset/processed/test/DDD.csv::case_194,95,51,999999,False,False,0,False,False,0,False,False,0,-44,worsened,1,1,1
test::LLLdataset/dataset/processed/test/DDD.csv::case_195,123,51,999999,False,False,0,False,False,0,False,False,0,-72,worsened,1,1,1
test::LLLdataset/dataset/processed/test/DDD.csv::case_196,145,51,999999,False,False,0,False,False,0,False,False,0,-94,worsened,1,1,1
test::LLLdataset/dataset/processed/test/DDD.csv::case_197,18,19,18,False,False,0,False,False,0,False,False,0,1,improved,1,1,1
test::LLLdataset/dataset/processed/test/DDD.csv::case_198,147,51,999999,False,False,0,False,False,0,False,False,0,-96,worsened,1,1,1
test::LLLdataset/dataset/processed/test/DDD.csv::case_199,16,9,17,False,False,0,False,False,0,False,False,0,-7,worsened,1,1,1
test::LLLdataset/dataset/processed/test/DDD.csv::case_2,1,1,1,True,True,0,True,True,0,True,True,0,0,unchanged,1,1,1
test::LLLdataset/dataset/processed/test/DDD.csv::case_20,14,11,14,False,False,0,False,False,0,False,False,0,-3,worsened,1,1,1
test::LLLdataset/dataset/processed/test/DDD.csv::case_200,55,51,999999,False,False,0,False,False,0,False,False,0,-4,worsened,1,1,1
test::LLLdataset/dataset/processed/test/DDD.csv::case_201,999999,51,999999,False,False,0,False,False,0,False,False,0,-999948,worsened,1,1,1
test::LLLdataset/dataset/processed/test/DDD.csv::case_202,115,51,999999,False,False,0,False,False,0,False,False,0,-64,worsened,1,1,1
test::LLLdataset/dataset/processed/test/DDD.csv::case_203,2,2,3,False,False,0,True,True,0,True,True,0,0,unchanged,1,1,1
test::LLLdataset/dataset/processed/test/DDD.csv::case_204,35,35,35,False,False,0,False,False,0,False,False,0,0,unchanged,1,1,1
test::LLLdataset/dataset/processed/test/DDD.csv::case_205,7,6,7,False,False,0,False,False,0,False,False,0,-1,worsened,1,1,1
test::LLLdataset/dataset/processed/test/DDD.csv::case_206,5,2,6,False,False,0,True,False,-1,True,True,0,-3,worsened,1,1,1
test::LLLdataset/dataset/processed/test/DDD.csv::case_207,31,23,31,False,False,0,False,False,0,False,False,0,-8,worsened,1,1,1
test::LLLdataset/dataset/processed/test/DDD.csv::case_208,2,2,1,False,False,0,True,True,0,True,True,0,0,unchanged,1,1,1
test::LLLdataset/dataset/processed/test/DDD.csv::case_209,1,1,1,True,True,0,True,True,0,True,True,0,0,unchanged,1,1,1
test::LLLdataset/dataset/processed/test/DDD.csv::case_21,2,2,2,False,False,0,True,True,0,True,True,0,0,unchanged,1,1,0
test::LLLdataset/dataset/processed/test/DDD.csv::case_210,1,1,1,True,True,0,True,True,0,True,True,0,0,unchanged,1,1,1
test::LLLdataset/dataset/processed/test/DDD.csv::case_211,2,2,2,False,False,0,True,True,0,True,True,0,0,unchanged,1,1,1
test::LLLdataset/dataset/processed/test/DDD.csv::case_212,999999,51,999999,False,False,0,False,False,0,False,False,0,-999948,worsened,1,1,1
test::LLLdataset/dataset/processed/test/DDD.csv::case_213,21,28,21,False,False,0,False,False,0,False,False,0,7,improved,1,1,1
test::LLLdataset/dataset/processed/test/DDD.csv::case_214,11,13,8,False,False,0,False,False,0,False,False,0,2,improved,1,1,1
test::LLLdataset/dataset/processed/test/DDD.csv::case_215,2,2,2,False,False,0,True,True,0,True,True,0,0,unchanged,1,1,1
test::LLLdataset/dataset/processed/test/DDD.csv::case_216,142,51,999999,False,False,0,False,False,0,False,False,0,-91,worsened,1,1,1
test::LLLdataset/dataset/processed/test/DDD.csv::case_217,5,5,5,False,False,0,False,False,0,True,True,0,0,unchanged,1,1,1
test::LLLdataset/dataset/processed/test/DDD.csv::case_218,1,2,1,False,True,1,True,True,0,True,True,0,1,improved,1,1,1
test::LLLdataset/dataset/processed/test/DDD.csv::case_219,1,1,1,True,True,0,True,True,0,True,True,0,0,unchanged,1,1,1
test::LLLdataset/dataset/processed/test/DDD.csv::case_22,5,2,5,False,False,0,True,False,-1,True,True,0,-3,worsened,1,1,1
test::LLLdataset/dataset/processed/test/DDD.csv::case_220,999999,51,999999,False,False,0,False,False,0,False,False,0,-999948,worsened,1,1,1
test::LLLdataset/dataset/processed/test/DDD.csv::case_221,1,1,1,True,True,0,True,True,0,True,True,0,0,unchanged,1,1,1
test::LLLdataset/dataset/processed/test/DDD.csv::case_222,5,6,5,False,False,0,False,False,0,False,True,1,1,improved,1,1,1
test::LLLdataset/dataset/processed/test/DDD.csv::case_223,147,51,999999,False,False,0,False,False,0,False,False,0,-96,worsened,1,1,1
test::LLLdataset/dataset/processed/test/DDD.csv::case_224,38,37,34,False,False,0,False,False,0,False,False,0,-1,worsened,1,1,1
test::LLLdataset/dataset/processed/test/DDD.csv::case_225,8,8,8,False,False,0,False,False,0,False,False,0,0,unchanged,1,1,1
test::LLLdataset/dataset/processed/test/DDD.csv::case_226,1,1,1,True,True,0,True,True,0,True,True,0,0,unchanged,1,1,1
test::LLLdataset/dataset/processed/test/DDD.csv::case_227,999999,51,999999,False,False,0,False,False,0,False,False,0,-999948,worsened,1,1,1
test::LLLdataset/dataset/processed/test/DDD.csv::case_228,12,13,13,False,False,0,False,False,0,False,False,0,1,improved,1,1,1
test::LLLdataset/dataset/processed/test/DDD.csv::case_229,118,51,999999,False,False,0,False,False,0,False,False,0,-67,worsened,1,1,1
test::LLLdataset/dataset/processed/test/DDD.csv::case_23,27,27,28,False,False,0,False,False,0,False,False,0,0,unchanged,1,1,1
test::LLLdataset/dataset/processed/test/DDD.csv::case_230,5,8,5,False,False,0,False,False,0,False,True,1,3,improved,1,1,1
test::LLLdataset/dataset/processed/test/DDD.csv::case_231,53,51,999999,False,False,0,False,False,0,False,False,0,-2,worsened,1,1,1
test::LLLdataset/dataset/processed/test/DDD.csv::case_232,2,2,2,False,False,0,True,True,0,True,True,0,0,unchanged,1,1,1
test::LLLdataset/dataset/processed/test/DDD.csv::case_233,999999,51,999999,False,False,0,False,False,0,False,False,0,-999948,worsened,1,1,1
test::LLLdataset/dataset/processed/test/DDD.csv::case_234,2,2,2,False,False,0,True,True,0,True,True,0,0,unchanged,1,1,1
test::LLLdataset/dataset/processed/test/DDD.csv::case_235,3,5,3,False,False,0,False,True,1,True,True,0,2,improved,1,1,1
test::LLLdataset/dataset/processed/test/DDD.csv::case_236,1,1,1,True,True,0,True,True,0,True,True,0,0,unchanged,1,1,1
test::LLLdataset/dataset/processed/test/DDD.csv::case_237,6,3,6,False,False,0,True,False,-1,True,False,-1,-3,worsened,1,1,1
test::LLLdataset/dataset/processed/test/DDD.csv::case_238,13,9,13,False,False,0,False,False,0,False,False,0,-4,worsened,1,1,1
test::LLLdataset/dataset/processed/test/DDD.csv::case_239,16,13,16,False,False,0,False,False,0,False,False,0,-3,worsened,1,1,1
test::LLLdataset/dataset/processed/test/DDD.csv::case_24,1,1,1,True,True,0,True,True,0,True,True,0,0,unchanged,1,1,1
test::LLLdataset/dataset/processed/test/DDD.csv::case_240,56,51,999999,False,False,0,False,False,0,False,False,0,-5,worsened,0,1,1
test::LLLdataset/dataset/processed/test/DDD.csv::case_241,1,1,1,True,True,0,True,True,0,True,True,0,0,unchanged,1,1,1
test::LLLdataset/dataset/processed/test/DDD.csv::case_242,1,1,1,True,True,0,True,True,0,True,True,0,0,unchanged,1,1,1
test::LLLdataset/dataset/processed/test/DDD.csv::case_243,999999,51,999999,False,False,0,False,False,0,False,False,0,-999948,worsened,1,1,1
test::LLLdataset/dataset/processed/test/DDD.csv::case_244,1,1,1,True,True,0,True,True,0,True,True,0,0,unchanged,1,1,1
test::LLLdataset/dataset/processed/test/DDD.csv::case_245,2,1,2,True,False,-1,True,True,0,True,True,0,-1,worsened,1,1,1
test::LLLdataset/dataset/processed/test/DDD.csv::case_246,1,1,1,True,True,0,True,True,0,True,True,0,0,unchanged,1,1,1
test::LLLdataset/dataset/processed/test/DDD.csv::case_247,45,51,999999,False,False,0,False,False,0,False,False,0,6,improved,1,1,1
test::LLLdataset/dataset/processed/test/DDD.csv::case_248,1,1,1,True,True,0,True,True,0,True,True,0,0,unchanged,1,1,0
test::LLLdataset/dataset/processed/test/DDD.csv::case_249,2,8,1,False,False,0,False,True,1,False,True,1,6,improved,1,1,1
test::LLLdataset/dataset/processed/test/DDD.csv::case_25,54,51,999999,False,False,0,False,False,0,False,False,0,-3,worsened,1,1,1
test::LLLdataset/dataset/processed/test/DDD.csv::case_250,1,1,1,True,True,0,True,True,0,True,True,0,0,unchanged,1,1,1
test::LLLdataset/dataset/processed/test/DDD.csv::case_251,20,10,21,False,False,0,False,False,0,False,False,0,-10,worsened,1,1,1
test::LLLdataset/dataset/processed/test/DDD.csv::case_252,1,1,1,True,True,0,True,True,0,True,True,0,0,unchanged,1,1,1
test::LLLdataset/dataset/processed/test/DDD.csv::case_253,999999,51,999999,False,False,0,False,False,0,False,False,0,-999948,worsened,1,1,1
test::LLLdataset/dataset/processed/test/DDD.csv::case_254,1,1,1,True,True,0,True,True,0,True,True,0,0,unchanged,1,1,1
test::LLLdataset/dataset/processed/test/DDD.csv::case_255,1,1,1,True,True,0,True,True,0,True,True,0,0,unchanged,1,1,1
test::LLLdataset/dataset/processed/test/DDD.csv::case_256,999999,51,999999,False,False,0,False,False,0,False,False,0,-999948,worsened,1,1,1
test::LLLdataset/dataset/processed/test/DDD.csv::case_257,1,1,1,True,True,0,True,True,0,True,True,0,0,unchanged,0,1,1
test::LLLdataset/dataset/processed/test/DDD.csv::case_258,2,3,2,False,False,0,True,True,0,True,True,0,1,improved,1,1,1
test::LLLdataset/dataset/processed/test/DDD.csv::case_259,1,1,1,True,True,0,True,True,0,True,True,0,0,unchanged,1,1,1
test::LLLdataset/dataset/processed/test/DDD.csv::case_26,17,22,16,False,False,0,False,False,0,False,False,0,5,improved,1,1,1
test::LLLdataset/dataset/processed/test/DDD.csv::case_260,143,51,999999,False,False,0,False,False,0,False,False,0,-92,worsened,1,1,1
test::LLLdataset/dataset/processed/test/DDD.csv::case_261,1,1,1,True,True,0,True,True,0,True,True,0,0,unchanged,1,1,1
test::LLLdataset/dataset/processed/test/DDD.csv::case_262,1,2,1,False,True,1,True,True,0,True,True,0,1,improved,1,1,0
test::LLLdataset/dataset/processed/test/DDD.csv::case_263,1,1,1,True,True,0,True,True,0,True,True,0,0,unchanged,1,1,1
test::LLLdataset/dataset/processed/test/DDD.csv::case_264,53,51,999999,False,False,0,False,False,0,False,False,0,-2,worsened,1,1,1
test::LLLdataset/dataset/processed/test/DDD.csv::case_265,45,51,999999,False,False,0,False,False,0,False,False,0,6,improved,1,1,1
test::LLLdataset/dataset/processed/test/DDD.csv::case_266,17,17,17,False,False,0,False,False,0,False,False,0,0,unchanged,1,1,1
test::LLLdataset/dataset/processed/test/DDD.csv::case_267,1,1,1,True,True,0,True,True,0,True,True,0,0,unchanged,1,1,1
test::LLLdataset/dataset/processed/test/DDD.csv::case_268,1,1,1,True,True,0,True,True,0,True,True,0,0,unchanged,0,1,1
test::LLLdataset/dataset/processed/test/DDD.csv::case_269,1,1,1,True,True,0,True,True,0,True,True,0,0,unchanged,0,1,1
test::LLLdataset/dataset/processed/test/DDD.csv::case_27,999999,51,999999,False,False,0,False,False,0,False,False,0,-999948,worsened,1,1,1
test::LLLdataset/dataset/processed/test/DDD.csv::case_270,1,1,1,True,True,0,True,True,0,True,True,0,0,unchanged,1,1,1
test::LLLdataset/dataset/processed/test/DDD.csv::case_271,94,51,999999,False,False,0,False,False,0,False,False,0,-43,worsened,1,1,1
test::LLLdataset/dataset/processed/test/DDD.csv::case_272,1,1,1,True,True,0,True,True,0,True,True,0,0,unchanged,1,1,1
test::LLLdataset/dataset/processed/test/DDD.csv::case_273,999999,51,999999,False,False,0,False,False,0,False,False,0,-999948,worsened,1,1,1
test::LLLdataset/dataset/processed/test/DDD.csv::case_274,999999,51,999999,False,False,0,False,False,0,False,False,0,-999948,worsened,1,1,1
test::LLLdataset/dataset/processed/test/DDD.csv::case_275,999999,51,999999,False,False,0,False,False,0,False,False,0,-999948,worsened,1,1,1
test::LLLdataset/dataset/processed/test/DDD.csv::case_276,4,3,4,False,False,0,True,False,-1,True,True,0,-1,worsened,1,1,1
test::LLLdataset/dataset/processed/test/DDD.csv::case_277,3,3,3,False,False,0,True,True,0,True,True,0,0,unchanged,1,1,1
test::LLLdataset/dataset/processed/test/DDD.csv::case_278,185,51,999999,False,False,0,False,False,0,False,False,0,-134,worsened,1,1,1
test::LLLdataset/dataset/processed/test/DDD.csv::case_279,2,2,2,False,False,0,True,True,0,True,True,0,0,unchanged,1,1,1
test::LLLdataset/dataset/processed/test/DDD.csv::case_28,1,1,1,True,True,0,True,True,0,True,True,0,0,unchanged,1,1,1
test::LLLdataset/dataset/processed/test/DDD.csv::case_280,24,14,25,False,False,0,False,False,0,False,False,0,-10,worsened,1,1,1
test::LLLdataset/dataset/processed/test/DDD.csv::case_281,999999,51,999999,False,False,0,False,False,0,False,False,0,-999948,worsened,1,1,1
test::LLLdataset/dataset/processed/test/DDD.csv::case_282,124,51,999999,False,False,0,False,False,0,False,False,0,-73,worsened,1,1,1
test::LLLdataset/dataset/processed/test/DDD.csv::case_283,21,10,21,False,False,0,False,False,0,False,False,0,-11,worsened,1,1,1
test::LLLdataset/dataset/processed/test/DDD.csv::case_284,1,1,1,True,True,0,True,True,0,True,True,0,0,unchanged,1,1,1
test::LLLdataset/dataset/processed/test/DDD.csv::case_285,999999,51,999999,False,False,0,False,False,0,False,False,0,-999948,worsened,1,1,1
test::LLLdataset/dataset/processed/test/DDD.csv::case_286,999999,51,999999,False,False,0,False,False,0,False,False,0,-999948,worsened,1,1,1
test::LLLdataset/dataset/processed/test/DDD.csv::case_287,1,1,1,True,True,0,True,True,0,True,True,0,0,unchanged,1,1,1
test::LLLdataset/dataset/processed/test/DDD.csv::case_288,1,1,1,True,True,0,True,True,0,True,True,0,0,unchanged,1,1,1
test::LLLdataset/dataset/processed/test/DDD.csv::case_289,22,20,21,False,False,0,False,False,0,False,False,0,-2,worsened,1,1,1
test::LLLdataset/dataset/processed/test/DDD.csv::case_29,2,1,2,True,False,-1,True,True,0,True,True,0,-1,worsened,0,1,1
test::LLLdataset/dataset/processed/test/DDD.csv::case_290,1,1,1,True,True,0,True,True,0,True,True,0,0,unchanged,1,1,1
test::LLLdataset/dataset/processed/test/DDD.csv::case_291,1,1,1,True,True,0,True,True,0,True,True,0,0,unchanged,1,1,1
test::LLLdataset/dataset/processed/test/DDD.csv::case_292,1,1,1,True,True,0,True,True,0,True,True,0,0,unchanged,1,1,1
test::LLLdataset/dataset/processed/test/DDD.csv::case_293,999999,51,999999,False,False,0,False,False,0,False,False,0,-999948,worsened,1,1,1
test::LLLdataset/dataset/processed/test/DDD.csv::case_294,2,2,2,False,False,0,True,True,0,True,True,0,0,unchanged,1,1,1
test::LLLdataset/dataset/processed/test/DDD.csv::case_295,3,2,3,False,False,0,True,True,0,True,True,0,-1,worsened,1,1,1
test::LLLdataset/dataset/processed/test/DDD.csv::case_296,62,51,999999,False,False,0,False,False,0,False,False,0,-11,worsened,1,1,1
test::LLLdataset/dataset/processed/test/DDD.csv::case_297,4,4,4,False,False,0,False,False,0,True,True,0,0,unchanged,1,1,1
test::LLLdataset/dataset/processed/test/DDD.csv::case_298,999999,51,999999,False,False,0,False,False,0,False,False,0,-999948,worsened,1,1,1
test::LLLdataset/dataset/processed/test/DDD.csv::case_299,1,1,1,True,True,0,True,True,0,True,True,0,0,unchanged,1,1,1
test::LLLdataset/dataset/processed/test/DDD.csv::case_3,1,1,1,True,True,0,True,True,0,True,True,0,0,unchanged,1,1,1
test::LLLdataset/dataset/processed/test/DDD.csv::case_30,1,1,1,True,True,0,True,True,0,True,True,0,0,unchanged,1,1,1
test::LLLdataset/dataset/processed/test/DDD.csv::case_300,1,1,1,True,True,0,True,True,0,True,True,0,0,unchanged,1,1,1
test::LLLdataset/dataset/processed/test/DDD.csv::case_301,40,51,999999,False,False,0,False,False,0,False,False,0,11,improved,1,1,1
test::LLLdataset/dataset/processed/test/DDD.csv::case_302,10,12,10,False,False,0,False,False,0,False,False,0,2,improved,1,1,1
test::LLLdataset/dataset/processed/test/DDD.csv::case_303,50,51,999999,False,False,0,False,False,0,False,False,0,1,improved,1,1,1
test::LLLdataset/dataset/processed/test/DDD.csv::case_304,8,4,11,False,False,0,False,False,0,True,False,-1,-4,worsened,1,1,1
test::LLLdataset/dataset/processed/test/DDD.csv::case_305,1,1,1,True,True,0,True,True,0,True,True,0,0,unchanged,1,1,1
test::LLLdataset/dataset/processed/test/DDD.csv::case_306,1,1,1,True,True,0,True,True,0,True,True,0,0,unchanged,1,1,1
test::LLLdataset/dataset/processed/test/DDD.csv::case_307,999999,51,999999,False,False,0,False,False,0,False,False,0,-999948,worsened,1,1,1
test::LLLdataset/dataset/processed/test/DDD.csv::case_308,1,1,1,True,True,0,True,True,0,True,True,0,0,unchanged,1,1,1
test::LLLdataset/dataset/processed/test/DDD.csv::case_309,1,1,1,True,True,0,True,True,0,True,True,0,0,unchanged,1,1,1
test::LLLdataset/dataset/processed/test/DDD.csv::case_31,8,8,8,False,False,0,False,False,0,False,False,0,0,unchanged,1,1,1
test::LLLdataset/dataset/processed/test/DDD.csv::case_310,19,13,19,False,False,0,False,False,0,False,False,0,-6,worsened,1,1,1
test::LLLdataset/dataset/processed/test/DDD.csv::case_311,999999,51,999999,False,False,0,False,False,0,False,False,0,-999948,worsened,1,1,1
test::LLLdataset/dataset/processed/test/DDD.csv::case_312,2,2,2,False,False,0,True,True,0,True,True,0,0,unchanged,1,1,1
test::LLLdataset/dataset/processed/test/DDD.csv::case_313,3,4,3,False,False,0,False,True,1,True,True,0,1,improved,1,1,1
test::LLLdataset/dataset/processed/test/DDD.csv::case_314,29,34,29,False,False,0,False,False,0,False,False,0,5,improved,1,1,1
test::LLLdataset/dataset/processed/test/DDD.csv::case_315,1,1,1,True,True,0,True,True,0,True,True,0,0,unchanged,1,1,1
test::LLLdataset/dataset/processed/test/DDD.csv::case_316,1,1,1,True,True,0,True,True,0,True,True,0,0,unchanged,1,1,1
test::LLLdataset/dataset/processed/test/DDD.csv::case_317,1,1,1,True,True,0,True,True,0,True,True,0,0,unchanged,1,1,1
test::LLLdataset/dataset/processed/test/DDD.csv::case_318,1,2,1,False,True,1,True,True,0,True,True,0,1,improved,1,1,1
test::LLLdataset/dataset/processed/test/DDD.csv::case_319,1,1,1,True,True,0,True,True,0,True,True,0,0,unchanged,1,1,1
test::LLLdataset/dataset/processed/test/DDD.csv::case_32,2,13,2,False,False,0,False,True,1,False,True,1,11,improved,1,1,1
test::LLLdataset/dataset/processed/test/DDD.csv::case_320,33,26,33,False,False,0,False,False,0,False,False,0,-7,worsened,1,1,1
test::LLLdataset/dataset/processed/test/DDD.csv::case_321,3,2,3,False,False,0,True,True,0,True,True,0,-1,worsened,1,1,1
test::LLLdataset/dataset/processed/test/DDD.csv::case_322,3,3,3,False,False,0,True,True,0,True,True,0,0,unchanged,1,1,1
test::LLLdataset/dataset/processed/test/DDD.csv::case_323,1,1,1,True,True,0,True,True,0,True,True,0,0,unchanged,1,1,1
test::LLLdataset/dataset/processed/test/DDD.csv::case_324,5,3,5,False,False,0,True,False,-1,True,True,0,-2,worsened,1,1,1
test::LLLdataset/dataset/processed/test/DDD.csv::case_325,1,1,1,True,True,0,True,True,0,True,True,0,0,unchanged,1,1,1
test::LLLdataset/dataset/processed/test/DDD.csv::case_326,1,1,1,True,True,0,True,True,0,True,True,0,0,unchanged,1,1,1
test::LLLdataset/dataset/processed/test/DDD.csv::case_327,1,1,1,True,True,0,True,True,0,True,True,0,0,unchanged,1,1,1
test::LLLdataset/dataset/processed/test/DDD.csv::case_328,5,6,6,False,False,0,False,False,0,False,True,1,1,improved,1,1,1
test::LLLdataset/dataset/processed/test/DDD.csv::case_329,37,51,999999,False,False,0,False,False,0,False,False,0,14,improved,1,1,1
test::LLLdataset/dataset/processed/test/DDD.csv::case_33,7,8,10,False,False,0,False,False,0,False,False,0,1,improved,1,1,1
test::LLLdataset/dataset/processed/test/DDD.csv::case_330,42,42,42,False,False,0,False,False,0,False,False,0,0,unchanged,1,1,1
test::LLLdataset/dataset/processed/test/DDD.csv::case_331,2,1,3,True,False,-1,True,True,0,True,True,0,-1,worsened,1,1,1
test::LLLdataset/dataset/processed/test/DDD.csv::case_332,1,1,1,True,True,0,True,True,0,True,True,0,0,unchanged,1,1,1
test::LLLdataset/dataset/processed/test/DDD.csv::case_333,2,2,2,False,False,0,True,True,0,True,True,0,0,unchanged,1,1,1
test::LLLdataset/dataset/processed/test/DDD.csv::case_334,35,35,35,False,False,0,False,False,0,False,False,0,0,unchanged,1,1,1
test::LLLdataset/dataset/processed/test/DDD.csv::case_335,2,2,2,False,False,0,True,True,0,True,True,0,0,unchanged,1,1,1
test::LLLdataset/dataset/processed/test/DDD.csv::case_336,12,10,12,False,False,0,False,False,0,False,False,0,-2,worsened,1,1,1
test::LLLdataset/dataset/processed/test/DDD.csv::case_337,999999,51,999999,False,False,0,False,False,0,False,False,0,-999948,worsened,1,1,1
test::LLLdataset/dataset/processed/test/DDD.csv::case_338,18,17,19,False,False,0,False,False,0,False,False,0,-1,worsened,1,1,1
test::LLLdataset/dataset/processed/test/DDD.csv::case_339,1,1,1,True,True,0,True,True,0,True,True,0,0,unchanged,1,1,1
test::LLLdataset/dataset/processed/test/DDD.csv::case_34,3,3,6,False,False,0,True,True,0,True,True,0,0,unchanged,1,1,1
test::LLLdataset/dataset/processed/test/DDD.csv::case_340,3,2,3,False,False,0,True,True,0,True,True,0,-1,worsened,1,1,1
test::LLLdataset/dataset/processed/test/DDD.csv::case_341,999999,51,999999,False,False,0,False,False,0,False,False,0,-999948,worsened,1,1,1
test::LLLdataset/dataset/processed/test/DDD.csv::case_342,1,1,1,True,True,0,True,True,0,True,True,0,0,unchanged,0,1,1
test::LLLdataset/dataset/processed/test/DDD.csv::case_343,17,7,18,False,False,0,False,False,0,False,False,0,-10,worsened,1,1,1
test::LLLdataset/dataset/processed/test/DDD.csv::case_344,1,1,1,True,True,0,True,True,0,True,True,0,0,unchanged,1,1,1
test::LLLdataset/dataset/processed/test/DDD.csv::case_345,105,51,999999,False,False,0,False,False,0,False,False,0,-54,worsened,1,1,1
test::LLLdataset/dataset/processed/test/DDD.csv::case_346,13,12,12,False,False,0,False,False,0,False,False,0,-1,worsened,1,1,1
test::LLLdataset/dataset/processed/test/DDD.csv::case_347,5,4,5,False,False,0,False,False,0,True,True,0,-1,worsened,1,1,1
test::LLLdataset/dataset/processed/test/DDD.csv::case_348,1,1,2,True,True,0,True,True,0,True,True,0,0,unchanged,1,1,1
test::LLLdataset/dataset/processed/test/DDD.csv::case_349,46,51,999999,False,False,0,False,False,0,False,False,0,5,improved,1,1,1
test::LLLdataset/dataset/processed/test/DDD.csv::case_35,2,1,2,True,False,-1,True,True,0,True,True,0,-1,worsened,1,1,1
test::LLLdataset/dataset/processed/test/DDD.csv::case_350,1,1,1,True,True,0,True,True,0,True,True,0,0,unchanged,1,1,1
test::LLLdataset/dataset/processed/test/DDD.csv::case_351,1,1,1,True,True,0,True,True,0,True,True,0,0,unchanged,1,1,1
test::LLLdataset/dataset/processed/test/DDD.csv::case_352,1,1,1,True,True,0,True,True,0,True,True,0,0,unchanged,1,1,1
test::LLLdataset/dataset/processed/test/DDD.csv::case_353,1,1,1,True,True,0,True,True,0,True,True,0,0,unchanged,1,1,1
test::LLLdataset/dataset/processed/test/DDD.csv::case_354,22,2,20,False,False,0,True,False,-1,True,False,-1,-20,worsened,0,1,1
test::LLLdataset/dataset/processed/test/DDD.csv::case_355,2,2,2,False,False,0,True,True,0,True,True,0,0,unchanged,1,1,1
test::LLLdataset/dataset/processed/test/DDD.csv::case_356,999999,51,999999,False,False,0,False,False,0,False,False,0,-999948,worsened,1,1,1
test::LLLdataset/dataset/processed/test/DDD.csv::case_357,1,1,1,True,True,0,True,True,0,True,True,0,0,unchanged,1,1,1
test::LLLdataset/dataset/processed/test/DDD.csv::case_358,1,1,1,True,True,0,True,True,0,True,True,0,0,unchanged,1,1,1
test::LLLdataset/dataset/processed/test/DDD.csv::case_359,1,1,1,True,True,0,True,True,0,True,True,0,0,unchanged,1,1,1
test::LLLdataset/dataset/processed/test/DDD.csv::case_36,108,51,999999,False,False,0,False,False,0,False,False,0,-57,worsened,1,1,1
test::LLLdataset/dataset/processed/test/DDD.csv::case_360,1,1,1,True,True,0,True,True,0,True,True,0,0,unchanged,1,1,1
test::LLLdataset/dataset/processed/test/DDD.csv::case_361,4,4,4,False,False,0,False,False,0,True,True,0,0,unchanged,1,1,1
test::LLLdataset/dataset/processed/test/DDD.csv::case_362,999999,51,999999,False,False,0,False,False,0,False,False,0,-999948,worsened,1,1,1
test::LLLdataset/dataset/processed/test/DDD.csv::case_363,999999,51,999999,False,False,0,False,False,0,False,False,0,-999948,worsened,1,1,1
test::LLLdataset/dataset/processed/test/DDD.csv::case_364,1,1,1,True,True,0,True,True,0,True,True,0,0,unchanged,1,1,1
test::LLLdataset/dataset/processed/test/DDD.csv::case_365,1,1,1,True,True,0,True,True,0,True,True,0,0,unchanged,1,1,0
test::LLLdataset/dataset/processed/test/DDD.csv::case_366,1,1,1,True,True,0,True,True,0,True,True,0,0,unchanged,1,1,1
test::LLLdataset/dataset/processed/test/DDD.csv::case_367,11,10,11,False,False,0,False,False,0,False,False,0,-1,worsened,1,1,1
test::LLLdataset/dataset/processed/test/DDD.csv::case_368,3,2,3,False,False,0,True,True,0,True,True,0,-1,worsened,0,1,1
test::LLLdataset/dataset/processed/test/DDD.csv::case_369,4,4,4,False,False,0,False,False,0,True,True,0,0,unchanged,1,1,1
test::LLLdataset/dataset/processed/test/DDD.csv::case_37,4,2,4,False,False,0,True,False,-1,True,True,0,-2,worsened,1,1,1
test::LLLdataset/dataset/processed/test/DDD.csv::case_370,1,1,1,True,True,0,True,True,0,True,True,0,0,unchanged,1,1,1
test::LLLdataset/dataset/processed/test/DDD.csv::case_371,1,1,1,True,True,0,True,True,0,True,True,0,0,unchanged,1,1,1
test::LLLdataset/dataset/processed/test/DDD.csv::case_372,1,1,1,True,True,0,True,True,0,True,True,0,0,unchanged,1,1,1
test::LLLdataset/dataset/processed/test/DDD.csv::case_373,1,1,1,True,True,0,True,True,0,True,True,0,0,unchanged,1,1,1
test::LLLdataset/dataset/processed/test/DDD.csv::case_374,1,1,1,True,True,0,True,True,0,True,True,0,0,unchanged,1,1,1
test::LLLdataset/dataset/processed/test/DDD.csv::case_375,1,1,1,True,True,0,True,True,0,True,True,0,0,unchanged,1,1,1
test::LLLdataset/dataset/processed/test/DDD.csv::case_376,34,28,34,False,False,0,False,False,0,False,False,0,-6,worsened,1,1,1
test::LLLdataset/dataset/processed/test/DDD.csv::case_377,1,1,1,True,True,0,True,True,0,True,True,0,0,unchanged,1,1,1
test::LLLdataset/dataset/processed/test/DDD.csv::case_378,5,5,5,False,False,0,False,False,0,True,True,0,0,unchanged,1,1,1
test::LLLdataset/dataset/processed/test/DDD.csv::case_379,1,1,1,True,True,0,True,True,0,True,True,0,0,unchanged,1,1,1
test::LLLdataset/dataset/processed/test/DDD.csv::case_38,1,1,1,True,True,0,True,True,0,True,True,0,0,unchanged,1,1,1
test::LLLdataset/dataset/processed/test/DDD.csv::case_380,999999,51,999999,False,False,0,False,False,0,False,False,0,-999948,worsened,1,0,1
test::LLLdataset/dataset/processed/test/DDD.csv::case_381,1,1,1,True,True,0,True,True,0,True,True,0,0,unchanged,1,1,1
test::LLLdataset/dataset/processed/test/DDD.csv::case_382,150,51,999999,False,False,0,False,False,0,False,False,0,-99,worsened,1,1,1
test::LLLdataset/dataset/processed/test/DDD.csv::case_383,8,8,8,False,False,0,False,False,0,False,False,0,0,unchanged,1,1,1
test::LLLdataset/dataset/processed/test/DDD.csv::case_384,27,27,27,False,False,0,False,False,0,False,False,0,0,unchanged,1,1,1
test::LLLdataset/dataset/processed/test/DDD.csv::case_385,1,1,1,True,True,0,True,True,0,True,True,0,0,unchanged,1,1,1
test::LLLdataset/dataset/processed/test/DDD.csv::case_386,1,1,1,True,True,0,True,True,0,True,True,0,0,unchanged,1,1,1
test::LLLdataset/dataset/processed/test/DDD.csv::case_387,10,6,14,False,False,0,False,False,0,False,False,0,-4,worsened,1,1,1
test::LLLdataset/dataset/processed/test/DDD.csv::case_388,42,51,999999,False,False,0,False,False,0,False,False,0,9,improved,1,1,1
test::LLLdataset/dataset/processed/test/DDD.csv::case_389,1,1,1,True,True,0,True,True,0,True,True,0,0,unchanged,1,1,1
test::LLLdataset/dataset/processed/test/DDD.csv::case_39,6,6,5,False,False,0,False,False,0,False,False,0,0,unchanged,1,1,1
test::LLLdataset/dataset/processed/test/DDD.csv::case_390,1,1,1,True,True,0,True,True,0,True,True,0,0,unchanged,1,1,0
test::LLLdataset/dataset/processed/test/DDD.csv::case_391,1,1,1,True,True,0,True,True,0,True,True,0,0,unchanged,1,1,1
test::LLLdataset/dataset/processed/test/DDD.csv::case_392,1,1,1,True,True,0,True,True,0,True,True,0,0,unchanged,1,1,1
test::LLLdataset/dataset/processed/test/DDD.csv::case_393,1,1,2,True,True,0,True,True,0,True,True,0,0,unchanged,1,1,1
test::LLLdataset/dataset/processed/test/DDD.csv::case_394,1,1,1,True,True,0,True,True,0,True,True,0,0,unchanged,1,1,1
test::LLLdataset/dataset/processed/test/DDD.csv::case_395,1,1,1,True,True,0,True,True,0,True,True,0,0,unchanged,1,1,1
test::LLLdataset/dataset/processed/test/DDD.csv::case_396,5,5,5,False,False,0,False,False,0,True,True,0,0,unchanged,1,1,1
test::LLLdataset/dataset/processed/test/DDD.csv::case_397,999999,51,999999,False,False,0,False,False,0,False,False,0,-999948,worsened,1,1,1
test::LLLdataset/dataset/processed/test/DDD.csv::case_398,999999,51,999999,False,False,0,False,False,0,False,False,0,-999948,worsened,1,1,1
test::LLLdataset/dataset/processed/test/DDD.csv::case_399,31,32,27,False,False,0,False,False,0,False,False,0,1,improved,1,1,1
test::LLLdataset/dataset/processed/test/DDD.csv::case_4,1,1,1,True,True,0,True,True,0,True,True,0,0,unchanged,1,1,1
test::LLLdataset/dataset/processed/test/DDD.csv::case_40,2,2,2,False,False,0,True,True,0,True,True,0,0,unchanged,1,1,1
test::LLLdataset/dataset/processed/test/DDD.csv::case_400,2,2,2,False,False,0,True,True,0,True,True,0,0,unchanged,1,1,1
test::LLLdataset/dataset/processed/test/DDD.csv::case_401,999999,51,999999,False,False,0,False,False,0,False,False,0,-999948,worsened,1,1,1
test::LLLdataset/dataset/processed/test/DDD.csv::case_402,999999,51,999999,False,False,0,False,False,0,False,False,0,-999948,worsened,1,1,1
test::LLLdataset/dataset/processed/test/DDD.csv::case_403,10,10,10,False,False,0,False,False,0,False,False,0,0,unchanged,1,1,1
test::LLLdataset/dataset/processed/test/DDD.csv::case_404,1,1,1,True,True,0,True,True,0,True,True,0,0,unchanged,1,1,1
test::LLLdataset/dataset/processed/test/DDD.csv::case_405,1,1,1,True,True,0,True,True,0,True,True,0,0,unchanged,1,1,1
test::LLLdataset/dataset/processed/test/DDD.csv::case_406,9,9,9,False,False,0,False,False,0,False,False,0,0,unchanged,1,1,1
test::LLLdataset/dataset/processed/test/DDD.csv::case_407,1,1,1,True,True,0,True,True,0,True,True,0,0,unchanged,1,1,1
test::LLLdataset/dataset/processed/test/DDD.csv::case_408,102,51,999999,False,False,0,False,False,0,False,False,0,-51,worsened,1,1,1
test::LLLdataset/dataset/processed/test/DDD.csv::case_409,162,51,999999,False,False,0,False,False,0,False,False,0,-111,worsened,1,1,1
test::LLLdataset/dataset/processed/test/DDD.csv::case_41,6,6,6,False,False,0,False,False,0,False,False,0,0,unchanged,1,1,1
test::LLLdataset/dataset/processed/test/DDD.csv::case_410,61,51,999999,False,False,0,False,False,0,False,False,0,-10,worsened,1,1,1
test::LLLdataset/dataset/processed/test/DDD.csv::case_411,1,1,1,True,True,0,True,True,0,True,True,0,0,unchanged,1,1,1
test::LLLdataset/dataset/processed/test/DDD.csv::case_412,1,1,1,True,True,0,True,True,0,True,True,0,0,unchanged,1,1,1
test::LLLdataset/dataset/processed/test/DDD.csv::case_413,999999,51,999999,False,False,0,False,False,0,False,False,0,-999948,worsened,1,1,1
test::LLLdataset/dataset/processed/test/DDD.csv::case_414,999999,51,999999,False,False,0,False,False,0,False,False,0,-999948,worsened,1,1,1
test::LLLdataset/dataset/processed/test/DDD.csv::case_415,1,1,1,True,True,0,True,True,0,True,True,0,0,unchanged,1,1,1
test::LLLdataset/dataset/processed/test/DDD.csv::case_416,1,1,1,True,True,0,True,True,0,True,True,0,0,unchanged,1,1,1
test::LLLdataset/dataset/processed/test/DDD.csv::case_417,1,1,1,True,True,0,True,True,0,True,True,0,0,unchanged,1,1,1
test::LLLdataset/dataset/processed/test/DDD.csv::case_418,999999,51,999999,False,False,0,False,False,0,False,False,0,-999948,worsened,1,1,1
test::LLLdataset/dataset/processed/test/DDD.csv::case_419,27,23,28,False,False,0,False,False,0,False,False,0,-4,worsened,1,1,0
test::LLLdataset/dataset/processed/test/DDD.csv::case_42,5,5,6,False,False,0,False,False,0,True,True,0,0,unchanged,1,1,1
test::LLLdataset/dataset/processed/test/DDD.csv::case_420,1,1,1,True,True,0,True,True,0,True,True,0,0,unchanged,1,1,1
test::LLLdataset/dataset/processed/test/DDD.csv::case_421,1,1,1,True,True,0,True,True,0,True,True,0,0,unchanged,1,1,1
test::LLLdataset/dataset/processed/test/DDD.csv::case_422,118,51,999999,False,False,0,False,False,0,False,False,0,-67,worsened,1,1,1
test::LLLdataset/dataset/processed/test/DDD.csv::case_423,1,1,1,True,True,0,True,True,0,True,True,0,0,unchanged,1,1,1
test::LLLdataset/dataset/processed/test/DDD.csv::case_424,1,1,1,True,True,0,True,True,0,True,True,0,0,unchanged,1,1,1
test::LLLdataset/dataset/processed/test/DDD.csv::case_425,29,26,30,False,False,0,False,False,0,False,False,0,-3,worsened,1,1,1
test::LLLdataset/dataset/processed/test/DDD.csv::case_426,1,1,1,True,True,0,True,True,0,True,True,0,0,unchanged,1,1,1
test::LLLdataset/dataset/processed/test/DDD.csv::case_427,1,1,1,True,True,0,True,True,0,True,True,0,0,unchanged,1,1,1
test::LLLdataset/dataset/processed/test/DDD.csv::case_428,1,1,1,True,True,0,True,True,0,True,True,0,0,unchanged,0,1,1
test::LLLdataset/dataset/processed/test/DDD.csv::case_429,70,51,999999,False,False,0,False,False,0,False,False,0,-19,worsened,1,1,1
test::LLLdataset/dataset/processed/test/DDD.csv::case_43,1,1,1,True,True,0,True,True,0,True,True,0,0,unchanged,1,1,1
test::LLLdataset/dataset/processed/test/DDD.csv::case_430,1,1,1,True,True,0,True,True,0,True,True,0,0,unchanged,1,1,1
test::LLLdataset/dataset/processed/test/DDD.csv::case_431,1,1,1,True,True,0,True,True,0,True,True,0,0,unchanged,1,1,1
test::LLLdataset/dataset/processed/test/DDD.csv::case_432,1,1,1,True,True,0,True,True,0,True,True,0,0,unchanged,1,1,1
test::LLLdataset/dataset/processed/test/DDD.csv::case_433,2,1,2,True,False,-1,True,True,0,True,True,0,-1,worsened,1,1,1
test::LLLdataset/dataset/processed/test/DDD.csv::case_434,1,1,1,True,True,0,True,True,0,True,True,0,0,unchanged,1,1,1
test::LLLdataset/dataset/processed/test/DDD.csv::case_435,149,51,999999,False,False,0,False,False,0,False,False,0,-98,worsened,1,1,1
test::LLLdataset/dataset/processed/test/DDD.csv::case_436,1,1,1,True,True,0,True,True,0,True,True,0,0,unchanged,1,1,1
test::LLLdataset/dataset/processed/test/DDD.csv::case_437,4,2,5,False,False,0,True,False,-1,True,True,0,-2,worsened,1,1,1
test::LLLdataset/dataset/processed/test/DDD.csv::case_438,9,9,9,False,False,0,False,False,0,False,False,0,0,unchanged,1,1,1
test::LLLdataset/dataset/processed/test/DDD.csv::case_439,37,51,999999,False,False,0,False,False,0,False,False,0,14,improved,1,1,1
test::LLLdataset/dataset/processed/test/DDD.csv::case_44,999999,51,999999,False,False,0,False,False,0,False,False,0,-999948,worsened,1,1,1
test::LLLdataset/dataset/processed/test/DDD.csv::case_440,12,13,11,False,False,0,False,False,0,False,False,0,1,improved,1,1,1
test::LLLdataset/dataset/processed/test/DDD.csv::case_441,42,51,999999,False,False,0,False,False,0,False,False,0,9,improved,1,1,1
test::LLLdataset/dataset/processed/test/DDD.csv::case_442,1,1,1,True,True,0,True,True,0,True,True,0,0,unchanged,1,1,1
test::LLLdataset/dataset/processed/test/DDD.csv::case_443,2,2,2,False,False,0,True,True,0,True,True,0,0,unchanged,1,1,1
test::LLLdataset/dataset/processed/test/DDD.csv::case_444,1,1,1,True,True,0,True,True,0,True,True,0,0,unchanged,1,1,1
test::LLLdataset/dataset/processed/test/DDD.csv::case_445,84,51,999999,False,False,0,False,False,0,False,False,0,-33,worsened,1,1,1
test::LLLdataset/dataset/processed/test/DDD.csv::case_446,12,9,12,False,False,0,False,False,0,False,False,0,-3,worsened,1,1,1
test::LLLdataset/dataset/processed/test/DDD.csv::case_447,6,7,6,False,False,0,False,False,0,False,False,0,1,improved,1,1,1
test::LLLdataset/dataset/processed/test/DDD.csv::case_448,4,4,4,False,False,0,False,False,0,True,True,0,0,unchanged,1,1,1
test::LLLdataset/dataset/processed/test/DDD.csv::case_449,57,51,999999,False,False,0,False,False,0,False,False,0,-6,worsened,1,1,1
test::LLLdataset/dataset/processed/test/DDD.csv::case_45,1,1,1,True,True,0,True,True,0,True,True,0,0,unchanged,1,1,1
test::LLLdataset/dataset/processed/test/DDD.csv::case_450,1,1,1,True,True,0,True,True,0,True,True,0,0,unchanged,1,1,1
test::LLLdataset/dataset/processed/test/DDD.csv::case_451,1,1,1,True,True,0,True,True,0,True,True,0,0,unchanged,1,1,1
test::LLLdataset/dataset/processed/test/DDD.csv::case_452,1,1,1,True,True,0,True,True,0,True,True,0,0,unchanged,1,1,1
test::LLLdataset/dataset/processed/test/DDD.csv::case_453,3,3,3,False,False,0,True,True,0,True,True,0,0,unchanged,1,1,1
test::LLLdataset/dataset/processed/test/DDD.csv::case_454,1,1,1,True,True,0,True,True,0,True,True,0,0,unchanged,1,1,1
test::LLLdataset/dataset/processed/test/DDD.csv::case_455,1,1,1,True,True,0,True,True,0,True,True,0,0,unchanged,1,1,1
test::LLLdataset/dataset/processed/test/DDD.csv::case_456,999999,51,999999,False,False,0,False,False,0,False,False,0,-999948,worsened,1,1,1
test::LLLdataset/dataset/processed/test/DDD.csv::case_457,1,1,1,True,True,0,True,True,0,True,True,0,0,unchanged,1,1,1
test::LLLdataset/dataset/processed/test/DDD.csv::case_458,36,33,36,False,False,0,False,False,0,False,False,0,-3,worsened,1,1,1
test::LLLdataset/dataset/processed/test/DDD.csv::case_459,1,1,1,True,True,0,True,True,0,True,True,0,0,unchanged,1,1,1
test::LLLdataset/dataset/processed/test/DDD.csv::case_46,9,6,11,False,False,0,False,False,0,False,False,0,-3,worsened,1,1,1
test::LLLdataset/dataset/processed/test/DDD.csv::case_460,999999,51,999999,False,False,0,False,False,0,False,False,0,-999948,worsened,1,1,1
test::LLLdataset/dataset/processed/test/DDD.csv::case_461,999999,51,999999,False,False,0,False,False,0,False,False,0,-999948,worsened,1,1,1
test::LLLdataset/dataset/processed/test/DDD.csv::case_462,162,51,999999,False,False,0,False,False,0,False,False,0,-111,worsened,1,1,1
test::LLLdataset/dataset/processed/test/DDD.csv::case_463,14,11,14,False,False,0,False,False,0,False,False,0,-3,worsened,1,1,1
test::LLLdataset/dataset/processed/test/DDD.csv::case_464,1,1,1,True,True,0,True,True,0,True,True,0,0,unchanged,1,1,1
test::LLLdataset/dataset/processed/test/DDD.csv::case_465,3,1,3,True,False,-1,True,True,0,True,True,0,-2,worsened,1,1,1
test::LLLdataset/dataset/processed/test/DDD.csv::case_466,999999,51,999999,False,False,0,False,False,0,False,False,0,-999948,worsened,1,1,1
test::LLLdataset/dataset/processed/test/DDD.csv::case_467,999999,51,999999,False,False,0,False,False,0,False,False,0,-999948,worsened,1,1,1
test::LLLdataset/dataset/processed/test/DDD.csv::case_468,2,1,2,True,False,-1,True,True,0,True,True,0,-1,worsened,1,1,1
test::LLLdataset/dataset/processed/test/DDD.csv::case_469,5,1,5,True,False,-1,True,False,-1,True,True,0,-4,worsened,1,1,1
test::LLLdataset/dataset/processed/test/DDD.csv::case_47,12,11,12,False,False,0,False,False,0,False,False,0,-1,worsened,1,1,1
test::LLLdataset/dataset/processed/test/DDD.csv::case_470,2,2,2,False,False,0,True,True,0,True,True,0,0,unchanged,1,1,1
test::LLLdataset/dataset/processed/test/DDD.csv::case_471,3,3,5,False,False,0,True,True,0,True,True,0,0,unchanged,1,1,1
test::LLLdataset/dataset/processed/test/DDD.csv::case_472,2,2,2,False,False,0,True,True,0,True,True,0,0,unchanged,1,1,1
test::LLLdataset/dataset/processed/test/DDD.csv::case_473,1,1,1,True,True,0,True,True,0,True,True,0,0,unchanged,1,1,1
test::LLLdataset/dataset/processed/test/DDD.csv::case_474,1,1,1,True,True,0,True,True,0,True,True,0,0,unchanged,1,1,1
test::LLLdataset/dataset/processed/test/DDD.csv::case_475,1,1,1,True,True,0,True,True,0,True,True,0,0,unchanged,1,1,1
test::LLLdataset/dataset/processed/test/DDD.csv::case_476,999999,51,999999,False,False,0,False,False,0,False,False,0,-999948,worsened,1,1,1
test::LLLdataset/dataset/processed/test/DDD.csv::case_477,12,18,12,False,False,0,False,False,0,False,False,0,6,improved,1,1,1
test::LLLdataset/dataset/processed/test/DDD.csv::case_478,8,4,9,False,False,0,False,False,0,True,False,-1,-4,worsened,1,1,1
test::LLLdataset/dataset/processed/test/DDD.csv::case_479,1,1,1,True,True,0,True,True,0,True,True,0,0,unchanged,1,1,1
test::LLLdataset/dataset/processed/test/DDD.csv::case_48,999999,51,999999,False,False,0,False,False,0,False,False,0,-999948,worsened,1,1,1
test::LLLdataset/dataset/processed/test/DDD.csv::case_480,1,1,1,True,True,0,True,True,0,True,True,0,0,unchanged,1,1,1
test::LLLdataset/dataset/processed/test/DDD.csv::case_481,40,51,999999,False,False,0,False,False,0,False,False,0,11,improved,1,1,1
test::LLLdataset/dataset/processed/test/DDD.csv::case_482,2,1,3,True,False,-1,True,True,0,True,True,0,-1,worsened,1,1,1
test::LLLdataset/dataset/processed/test/DDD.csv::case_483,1,1,1,True,True,0,True,True,0,True,True,0,0,unchanged,1,1,1
test::LLLdataset/dataset/processed/test/DDD.csv::case_484,2,2,3,False,False,0,True,True,0,True,True,0,0,unchanged,1,1,1
test::LLLdataset/dataset/processed/test/DDD.csv::case_485,1,1,1,True,True,0,True,True,0,True,True,0,0,unchanged,1,1,1
test::LLLdataset/dataset/processed/test/DDD.csv::case_486,1,1,1,True,True,0,True,True,0,True,True,0,0,unchanged,1,1,1
test::LLLdataset/dataset/processed/test/DDD.csv::case_487,17,10,17,False,False,0,False,False,0,False,False,0,-7,worsened,1,1,1
test::LLLdataset/dataset/processed/test/DDD.csv::case_488,1,1,1,True,True,0,True,True,0,True,True,0,0,unchanged,1,1,1
test::LLLdataset/dataset/processed/test/DDD.csv::case_489,999999,51,999999,False,False,0,False,False,0,False,False,0,-999948,worsened,1,1,1
test::LLLdataset/dataset/processed/test/DDD.csv::case_49,5,5,5,False,False,0,False,False,0,True,True,0,0,unchanged,1,1,1
test::LLLdataset/dataset/processed/test/DDD.csv::case_490,3,3,3,False,False,0,True,True,0,True,True,0,0,unchanged,1,1,1
test::LLLdataset/dataset/processed/test/DDD.csv::case_491,1,1,1,True,True,0,True,True,0,True,True,0,0,unchanged,1,1,1
test::LLLdataset/dataset/processed/test/DDD.csv::case_492,6,4,6,False,False,0,False,False,0,True,False,-1,-2,worsened,1,1,1
test::LLLdataset/dataset/processed/test/DDD.csv::case_493,40,51,999999,False,False,0,False,False,0,False,False,0,11,improved,1,1,1
test::LLLdataset/dataset/processed/test/DDD.csv::case_494,1,2,1,False,True,1,True,True,0,True,True,0,1,improved,1,1,1
test::LLLdataset/dataset/processed/test/DDD.csv::case_495,999999,51,999999,False,False,0,False,False,0,False,False,0,-999948,worsened,1,1,1
test::LLLdataset/dataset/processed/test/DDD.csv::case_496,50,51,999999,False,False,0,False,False,0,False,False,0,1,improved,1,1,1
test::LLLdataset/dataset/processed/test/DDD.csv::case_497,1,1,1,True,True,0,True,True,0,True,True,0,0,unchanged,1,1,1
test::LLLdataset/dataset/processed/test/DDD.csv::case_498,1,1,1,True,True,0,True,True,0,True,True,0,0,unchanged,1,1,1
test::LLLdataset/dataset/processed/test/DDD.csv::case_499,999999,51,999999,False,False,0,False,False,0,False,False,0,-999948,worsened,1,1,1
test::LLLdataset/dataset/processed/test/DDD.csv::case_5,2,2,2,False,False,0,True,True,0,True,True,0,0,unchanged,1,1,1
test::LLLdataset/dataset/processed/test/DDD.csv::case_50,10,10,10,False,False,0,False,False,0,False,False,0,0,unchanged,1,1,1
test::LLLdataset/dataset/processed/test/DDD.csv::case_500,90,51,999999,False,False,0,False,False,0,False,False,0,-39,worsened,1,1,1
test::LLLdataset/dataset/processed/test/DDD.csv::case_501,999999,51,999999,False,False,0,False,False,0,False,False,0,-999948,worsened,1,1,1
test::LLLdataset/dataset/processed/test/DDD.csv::case_502,33,51,999999,False,False,0,False,False,0,False,False,0,18,improved,1,1,1
test::LLLdataset/dataset/processed/test/DDD.csv::case_503,999999,51,999999,False,False,0,False,False,0,False,False,0,-999948,worsened,1,1,1
test::LLLdataset/dataset/processed/test/DDD.csv::case_504,1,1,1,True,True,0,True,True,0,True,True,0,0,unchanged,1,1,1
test::LLLdataset/dataset/processed/test/DDD.csv::case_505,22,18,23,False,False,0,False,False,0,False,False,0,-4,worsened,1,1,1
test::LLLdataset/dataset/processed/test/DDD.csv::case_506,1,1,1,True,True,0,True,True,0,True,True,0,0,unchanged,1,1,1
test::LLLdataset/dataset/processed/test/DDD.csv::case_507,1,1,1,True,True,0,True,True,0,True,True,0,0,unchanged,1,1,1
test::LLLdataset/dataset/processed/test/DDD.csv::case_508,5,2,5,False,False,0,True,False,-1,True,True,0,-3,worsened,1,1,1
test::LLLdataset/dataset/processed/test/DDD.csv::case_509,2,1,2,True,False,-1,True,True,0,True,True,0,-1,worsened,1,1,1
test::LLLdataset/dataset/processed/test/DDD.csv::case_51,54,51,999999,False,False,0,False,False,0,False,False,0,-3,worsened,1,1,1
test::LLLdataset/dataset/processed/test/DDD.csv::case_510,9,3,9,False,False,0,True,False,-1,True,False,-1,-6,worsened,1,1,1
test::LLLdataset/dataset/processed/test/DDD.csv::case_511,999999,51,999999,False,False,0,False,False,0,False,False,0,-999948,worsened,1,1,1
test::LLLdataset/dataset/processed/test/DDD.csv::case_512,1,1,1,True,True,0,True,True,0,True,True,0,0,unchanged,1,1,1
test::LLLdataset/dataset/processed/test/DDD.csv::case_513,1,1,1,True,True,0,True,True,0,True,True,0,0,unchanged,1,1,1
test::LLLdataset/dataset/processed/test/DDD.csv::case_514,80,51,999999,False,False,0,False,False,0,False,False,0,-29,worsened,1,1,1
test::LLLdataset/dataset/processed/test/DDD.csv::case_515,3,2,3,False,False,0,True,True,0,True,True,0,-1,worsened,1,1,1
test::LLLdataset/dataset/processed/test/DDD.csv::case_516,1,1,1,True,True,0,True,True,0,True,True,0,0,unchanged,1,1,1
test::LLLdataset/dataset/processed/test/DDD.csv::case_517,999999,51,999999,False,False,0,False,False,0,False,False,0,-999948,worsened,0,1,1
test::LLLdataset/dataset/processed/test/DDD.csv::case_518,1,1,1,True,True,0,True,True,0,True,True,0,0,unchanged,1,1,1
test::LLLdataset/dataset/processed/test/DDD.csv::case_519,1,1,1,True,True,0,True,True,0,True,True,0,0,unchanged,1,1,1
test::LLLdataset/dataset/processed/test/DDD.csv::case_52,999999,51,999999,False,False,0,False,False,0,False,False,0,-999948,worsened,1,1,1
test::LLLdataset/dataset/processed/test/DDD.csv::case_520,19,23,19,False,False,0,False,False,0,False,False,0,4,improved,1,1,1
test::LLLdataset/dataset/processed/test/DDD.csv::case_521,1,1,1,True,True,0,True,True,0,True,True,0,0,unchanged,1,1,1
test::LLLdataset/dataset/processed/test/DDD.csv::case_522,1,1,1,True,True,0,True,True,0,True,True,0,0,unchanged,1,1,1
test::LLLdataset/dataset/processed/test/DDD.csv::case_523,1,1,1,True,True,0,True,True,0,True,True,0,0,unchanged,1,1,1
test::LLLdataset/dataset/processed/test/DDD.csv::case_524,1,1,1,True,True,0,True,True,0,True,True,0,0,unchanged,1,1,1
test::LLLdataset/dataset/processed/test/DDD.csv::case_525,50,51,999999,False,False,0,False,False,0,False,False,0,1,improved,1,1,1
test::LLLdataset/dataset/processed/test/DDD.csv::case_526,2,2,2,False,False,0,True,True,0,True,True,0,0,unchanged,1,1,1
test::LLLdataset/dataset/processed/test/DDD.csv::case_527,999999,51,999999,False,False,0,False,False,0,False,False,0,-999948,worsened,1,1,1
test::LLLdataset/dataset/processed/test/DDD.csv::case_528,3,3,3,False,False,0,True,True,0,True,True,0,0,unchanged,1,1,1
test::LLLdataset/dataset/processed/test/DDD.csv::case_529,1,1,1,True,True,0,True,True,0,True,True,0,0,unchanged,0,1,1
test::LLLdataset/dataset/processed/test/DDD.csv::case_53,999999,51,999999,False,False,0,False,False,0,False,False,0,-999948,worsened,1,1,1
test::LLLdataset/dataset/processed/test/DDD.csv::case_530,5,5,6,False,False,0,False,False,0,True,True,0,0,unchanged,1,1,1
test::LLLdataset/dataset/processed/test/DDD.csv::case_531,999999,51,999999,False,False,0,False,False,0,False,False,0,-999948,worsened,1,1,1
test::LLLdataset/dataset/processed/test/DDD.csv::case_532,6,7,6,False,False,0,False,False,0,False,False,0,1,improved,1,1,1
test::LLLdataset/dataset/processed/test/DDD.csv::case_533,1,1,1,True,True,0,True,True,0,True,True,0,0,unchanged,1,1,1
test::LLLdataset/dataset/processed/test/DDD.csv::case_534,9,6,10,False,False,0,False,False,0,False,False,0,-3,worsened,1,1,1
test::LLLdataset/dataset/processed/test/DDD.csv::case_535,1,1,1,True,True,0,True,True,0,True,True,0,0,unchanged,1,1,1
test::LLLdataset/dataset/processed/test/DDD.csv::case_536,1,1,1,True,True,0,True,True,0,True,True,0,0,unchanged,1,1,1
test::LLLdataset/dataset/processed/test/DDD.csv::case_537,2,3,2,False,False,0,True,True,0,True,True,0,1,improved,1,1,1
test::LLLdataset/dataset/processed/test/DDD.csv::case_538,51,51,999999,False,False,0,False,False,0,False,False,0,0,unchanged,1,1,1
test::LLLdataset/dataset/processed/test/DDD.csv::case_539,5,2,6,False,False,0,True,False,-1,True,True,0,-3,worsened,1,1,1
test::LLLdataset/dataset/processed/test/DDD.csv::case_54,1,1,1,True,True,0,True,True,0,True,True,0,0,unchanged,1,1,1
test::LLLdataset/dataset/processed/test/DDD.csv::case_540,1,1,1,True,True,0,True,True,0,True,True,0,0,unchanged,1,1,1
test::LLLdataset/dataset/processed/test/DDD.csv::case_541,1,1,1,True,True,0,True,True,0,True,True,0,0,unchanged,1,1,1
test::LLLdataset/dataset/processed/test/DDD.csv::case_542,1,1,1,True,True,0,True,True,0,True,True,0,0,unchanged,1,1,1
test::LLLdataset/dataset/processed/test/DDD.csv::case_543,1,1,1,True,True,0,True,True,0,True,True,0,0,unchanged,1,1,1
test::LLLdataset/dataset/processed/test/DDD.csv::case_544,191,51,999999,False,False,0,False,False,0,False,False,0,-140,worsened,1,1,1
test::LLLdataset/dataset/processed/test/DDD.csv::case_545,6,6,5,False,False,0,False,False,0,False,False,0,0,unchanged,1,1,1
test::LLLdataset/dataset/processed/test/DDD.csv::case_546,1,1,1,True,True,0,True,True,0,True,True,0,0,unchanged,1,1,1
test::LLLdataset/dataset/processed/test/DDD.csv::case_547,999999,51,999999,False,False,0,False,False,0,False,False,0,-999948,worsened,1,1,1
test::LLLdataset/dataset/processed/test/DDD.csv::case_548,76,51,999999,False,False,0,False,False,0,False,False,0,-25,worsened,1,1,1
test::LLLdataset/dataset/processed/test/DDD.csv::case_549,73,51,999999,False,False,0,False,False,0,False,False,0,-22,worsened,1,1,1
test::LLLdataset/dataset/processed/test/DDD.csv::case_55,4,2,4,False,False,0,True,False,-1,True,True,0,-2,worsened,1,1,1
test::LLLdataset/dataset/processed/test/DDD.csv::case_550,1,1,1,True,True,0,True,True,0,True,True,0,0,unchanged,1,1,1
test::LLLdataset/dataset/processed/test/DDD.csv::case_551,1,1,1,True,True,0,True,True,0,True,True,0,0,unchanged,1,1,1
test::LLLdataset/dataset/processed/test/DDD.csv::case_552,1,1,1,True,True,0,True,True,0,True,True,0,0,unchanged,1,1,1
test::LLLdataset/dataset/processed/test/DDD.csv::case_553,1,1,1,True,True,0,True,True,0,True,True,0,0,unchanged,1,1,1
test::LLLdataset/dataset/processed/test/DDD.csv::case_554,53,51,999999,False,False,0,False,False,0,False,False,0,-2,worsened,1,1,1
test::LLLdataset/dataset/processed/test/DDD.csv::case_555,1,1,1,True,True,0,True,True,0,True,True,0,0,unchanged,0,1,1
test::LLLdataset/dataset/processed/test/DDD.csv::case_556,53,51,999999,False,False,0,False,False,0,False,False,0,-2,worsened,1,1,1
test::LLLdataset/dataset/processed/test/DDD.csv::case_557,1,1,1,True,True,0,True,True,0,True,True,0,0,unchanged,1,1,1
test::LLLdataset/dataset/processed/test/DDD.csv::case_558,23,23,22,False,False,0,False,False,0,False,False,0,0,unchanged,1,1,1
test::LLLdataset/dataset/processed/test/DDD.csv::case_559,1,1,1,True,True,0,True,True,0,True,True,0,0,unchanged,1,1,1
test::LLLdataset/dataset/processed/test/DDD.csv::case_56,4,4,4,False,False,0,False,False,0,True,True,0,0,unchanged,1,1,1
test::LLLdataset/dataset/processed/test/DDD.csv::case_560,2,2,2,False,False,0,True,True,0,True,True,0,0,unchanged,1,1,1
test::LLLdataset/dataset/processed/test/DDD.csv::case_561,1,1,1,True,True,0,True,True,0,True,True,0,0,unchanged,1,1,1
test::LLLdataset/dataset/processed/test/DDD.csv::case_562,1,1,1,True,True,0,True,True,0,True,True,0,0,unchanged,1,1,1
test::LLLdataset/dataset/processed/test/DDD.csv::case_563,1,1,1,True,True,0,True,True,0,True,True,0,0,unchanged,1,1,1
test::LLLdataset/dataset/processed/test/DDD.csv::case_564,2,2,2,False,False,0,True,True,0,True,True,0,0,unchanged,1,1,1
test::LLLdataset/dataset/processed/test/DDD.csv::case_565,999999,51,999999,False,False,0,False,False,0,False,False,0,-999948,worsened,1,1,1
test::LLLdataset/dataset/processed/test/DDD.csv::case_566,12,8,13,False,False,0,False,False,0,False,False,0,-4,worsened,1,1,1
test::LLLdataset/dataset/processed/test/DDD.csv::case_567,2,1,2,True,False,-1,True,True,0,True,True,0,-1,worsened,1,1,1
test::LLLdataset/dataset/processed/test/DDD.csv::case_568,54,51,999999,False,False,0,False,False,0,False,False,0,-3,worsened,1,1,1
test::LLLdataset/dataset/processed/test/DDD.csv::case_569,49,51,999999,False,False,0,False,False,0,False,False,0,2,improved,1,1,1
test::LLLdataset/dataset/processed/test/DDD.csv::case_57,33,16,33,False,False,0,False,False,0,False,False,0,-17,worsened,1,1,1
test::LLLdataset/dataset/processed/test/DDD.csv::case_570,7,7,7,False,False,0,False,False,0,False,False,0,0,unchanged,1,1,1
test::LLLdataset/dataset/processed/test/DDD.csv::case_571,1,1,1,True,True,0,True,True,0,True,True,0,0,unchanged,1,1,1
test::LLLdataset/dataset/processed/test/DDD.csv::case_572,10,4,10,False,False,0,False,False,0,True,False,-1,-6,worsened,1,1,1
test::LLLdataset/dataset/processed/test/DDD.csv::case_573,3,2,3,False,False,0,True,True,0,True,True,0,-1,worsened,1,1,1
test::LLLdataset/dataset/processed/test/DDD.csv::case_574,1,1,1,True,True,0,True,True,0,True,True,0,0,unchanged,1,1,1
test::LLLdataset/dataset/processed/test/DDD.csv::case_575,19,5,19,False,False,0,False,False,0,True,False,-1,-14,worsened,1,1,1
test::LLLdataset/dataset/processed/test/DDD.csv::case_576,1,1,1,True,True,0,True,True,0,True,True,0,0,unchanged,1,1,1
test::LLLdataset/dataset/processed/test/DDD.csv::case_577,7,5,7,False,False,0,False,False,0,True,False,-1,-2,worsened,1,1,1
test::LLLdataset/dataset/processed/test/DDD.csv::case_578,1,1,1,True,True,0,True,True,0,True,True,0,0,unchanged,1,1,1
test::LLLdataset/dataset/processed/test/DDD.csv::case_579,999999,51,999999,False,False,0,False,False,0,False,False,0,-999948,worsened,1,1,1
test::LLLdataset/dataset/processed/test/DDD.csv::case_58,3,1,3,True,False,-1,True,True,0,True,True,0,-2,worsened,1,1,1
test::LLLdataset/dataset/processed/test/DDD.csv::case_580,1,1,1,True,True,0,True,True,0,True,True,0,0,unchanged,1,1,1
test::LLLdataset/dataset/processed/test/DDD.csv::case_581,5,3,4,False,False,0,True,False,-1,True,True,0,-2,worsened,1,1,1
test::LLLdataset/dataset/processed/test/DDD.csv::case_582,1,1,1,True,True,0,True,True,0,True,True,0,0,unchanged,1,1,1
test::LLLdataset/dataset/processed/test/DDD.csv::case_583,126,51,999999,False,False,0,False,False,0,False,False,0,-75,worsened,1,1,1
test::LLLdataset/dataset/processed/test/DDD.csv::case_584,7,7,7,False,False,0,False,False,0,False,False,0,0,unchanged,1,1,1
test::LLLdataset/dataset/processed/test/DDD.csv::case_585,1,1,1,True,True,0,True,True,0,True,True,0,0,unchanged,1,1,1
test::LLLdataset/dataset/processed/test/DDD.csv::case_586,1,1,1,True,True,0,True,True,0,True,True,0,0,unchanged,1,1,1
test::LLLdataset/dataset/processed/test/DDD.csv::case_587,126,51,999999,False,False,0,False,False,0,False,False,0,-75,worsened,1,1,1
test::LLLdataset/dataset/processed/test/DDD.csv::case_588,999999,51,999999,False,False,0,False,False,0,False,False,0,-999948,worsened,1,1,1
test::LLLdataset/dataset/processed/test/DDD.csv::case_589,32,32,32,False,False,0,False,False,0,False,False,0,0,unchanged,1,1,1
test::LLLdataset/dataset/processed/test/DDD.csv::case_59,1,1,1,True,True,0,True,True,0,True,True,0,0,unchanged,1,1,1
test::LLLdataset/dataset/processed/test/DDD.csv::case_590,999999,51,999999,False,False,0,False,False,0,False,False,0,-999948,worsened,1,1,1
test::LLLdataset/dataset/processed/test/DDD.csv::case_591,7,7,8,False,False,0,False,False,0,False,False,0,0,unchanged,1,1,1
test::LLLdataset/dataset/processed/test/DDD.csv::case_592,999999,51,999999,False,False,0,False,False,0,False,False,0,-999948,worsened,1,1,1
test::LLLdataset/dataset/processed/test/DDD.csv::case_593,999999,51,999999,False,False,0,False,False,0,False,False,0,-999948,worsened,1,1,1
test::LLLdataset/dataset/processed/test/DDD.csv::case_594,2,2,2,False,False,0,True,True,0,True,True,0,0,unchanged,1,1,1
test::LLLdataset/dataset/processed/test/DDD.csv::case_595,1,1,1,True,True,0,True,True,0,True,True,0,0,unchanged,1,1,1
test::LLLdataset/dataset/processed/test/DDD.csv::case_596,1,1,1,True,True,0,True,True,0,True,True,0,0,unchanged,1,1,1
test::LLLdataset/dataset/processed/test/DDD.csv::case_597,1,1,1,True,True,0,True,True,0,True,True,0,0,unchanged,1,1,1
test::LLLdataset/dataset/processed/test/DDD.csv::case_598,3,3,3,False,False,0,True,True,0,True,True,0,0,unchanged,1,1,1
test::LLLdataset/dataset/processed/test/DDD.csv::case_599,999999,51,999999,False,False,0,False,False,0,False,False,0,-999948,worsened,1,1,1
test::LLLdataset/dataset/processed/test/DDD.csv::case_6,1,1,1,True,True,0,True,True,0,True,True,0,0,unchanged,1,1,1
test::LLLdataset/dataset/processed/test/DDD.csv::case_60,2,2,1,False,False,0,True,True,0,True,True,0,0,unchanged,1,1,1
test::LLLdataset/dataset/processed/test/DDD.csv::case_600,101,51,999999,False,False,0,False,False,0,False,False,0,-50,worsened,1,1,1
test::LLLdataset/dataset/processed/test/DDD.csv::case_601,999999,51,999999,False,False,0,False,False,0,False,False,0,-999948,worsened,1,1,1
test::LLLdataset/dataset/processed/test/DDD.csv::case_602,999999,51,999999,False,False,0,False,False,0,False,False,0,-999948,worsened,1,1,1
test::LLLdataset/dataset/processed/test/DDD.csv::case_603,57,51,999999,False,False,0,False,False,0,False,False,0,-6,worsened,1,1,1
test::LLLdataset/dataset/processed/test/DDD.csv::case_604,1,1,1,True,True,0,True,True,0,True,True,0,0,unchanged,1,1,1
test::LLLdataset/dataset/processed/test/DDD.csv::case_605,999999,51,999999,False,False,0,False,False,0,False,False,0,-999948,worsened,1,1,1
test::LLLdataset/dataset/processed/test/DDD.csv::case_606,178,51,999999,False,False,0,False,False,0,False,False,0,-127,worsened,1,1,1
test::LLLdataset/dataset/processed/test/DDD.csv::case_607,13,12,14,False,False,0,False,False,0,False,False,0,-1,worsened,1,1,1
test::LLLdataset/dataset/processed/test/DDD.csv::case_608,4,4,3,False,False,0,False,False,0,True,True,0,0,unchanged,1,1,1
test::LLLdataset/dataset/processed/test/DDD.csv::case_609,2,2,3,False,False,0,True,True,0,True,True,0,0,unchanged,1,1,1
test::LLLdataset/dataset/processed/test/DDD.csv::case_61,2,2,1,False,False,0,True,True,0,True,True,0,0,unchanged,1,1,1
test::LLLdataset/dataset/processed/test/DDD.csv::case_610,13,7,13,False,False,0,False,False,0,False,False,0,-6,worsened,1,1,1
test::LLLdataset/dataset/processed/test/DDD.csv::case_611,84,51,999999,False,False,0,False,False,0,False,False,0,-33,worsened,1,1,1
test::LLLdataset/dataset/processed/test/DDD.csv::case_612,999999,51,999999,False,False,0,False,False,0,False,False,0,-999948,worsened,1,1,0
test::LLLdataset/dataset/processed/test/DDD.csv::case_613,999999,51,999999,False,False,0,False,False,0,False,False,0,-999948,worsened,1,1,0
test::LLLdataset/dataset/processed/test/DDD.csv::case_614,15,16,16,False,False,0,False,False,0,False,False,0,1,improved,1,1,1
test::LLLdataset/dataset/processed/test/DDD.csv::case_615,999999,51,999999,False,False,0,False,False,0,False,False,0,-999948,worsened,1,1,1
test::LLLdataset/dataset/processed/test/DDD.csv::case_616,999999,51,999999,False,False,0,False,False,0,False,False,0,-999948,worsened,1,1,1
test::LLLdataset/dataset/processed/test/DDD.csv::case_617,54,51,999999,False,False,0,False,False,0,False,False,0,-3,worsened,1,1,1
test::LLLdataset/dataset/processed/test/DDD.csv::case_618,56,51,999999,False,False,0,False,False,0,False,False,0,-5,worsened,1,1,1
test::LLLdataset/dataset/processed/test/DDD.csv::case_619,999999,51,999999,False,False,0,False,False,0,False,False,0,-999948,worsened,1,1,1
test::LLLdataset/dataset/processed/test/DDD.csv::case_62,13,5,13,False,False,0,False,False,0,True,False,-1,-8,worsened,1,1,1
test::LLLdataset/dataset/processed/test/DDD.csv::case_620,999999,51,999999,False,False,0,False,False,0,False,False,0,-999948,worsened,1,1,1
test::LLLdataset/dataset/processed/test/DDD.csv::case_621,91,51,999999,False,False,0,False,False,0,False,False,0,-40,worsened,1,1,0
test::LLLdataset/dataset/processed/test/DDD.csv::case_622,999999,51,999999,False,False,0,False,False,0,False,False,0,-999948,worsened,1,1,1
test::LLLdataset/dataset/processed/test/DDD.csv::case_623,204,51,999999,False,False,0,False,False,0,False,False,0,-153,worsened,1,1,1
test::LLLdataset/dataset/processed/test/DDD.csv::case_624,116,51,999999,False,False,0,False,False,0,False,False,0,-65,worsened,1,1,1
test::LLLdataset/dataset/processed/test/DDD.csv::case_625,2,1,2,True,False,-1,True,True,0,True,True,0,-1,worsened,1,1,1
test::LLLdataset/dataset/processed/test/DDD.csv::case_626,3,3,3,False,False,0,True,True,0,True,True,0,0,unchanged,1,1,1
test::LLLdataset/dataset/processed/test/DDD.csv::case_627,999999,51,999999,False,False,0,False,False,0,False,False,0,-999948,worsened,1,1,1
test::LLLdataset/dataset/processed/test/DDD.csv::case_628,999999,51,999999,False,False,0,False,False,0,False,False,0,-999948,worsened,1,1,1
test::LLLdataset/dataset/processed/test/DDD.csv::case_629,2,2,2,False,False,0,True,True,0,True,True,0,0,unchanged,1,1,1
test::LLLdataset/dataset/processed/test/DDD.csv::case_63,1,1,1,True,True,0,True,True,0,True,True,0,0,unchanged,1,1,1
test::LLLdataset/dataset/processed/test/DDD.csv::case_630,7,7,7,False,False,0,False,False,0,False,False,0,0,unchanged,1,1,1
test::LLLdataset/dataset/processed/test/DDD.csv::case_631,999999,51,999999,False,False,0,False,False,0,False,False,0,-999948,worsened,1,1,1
test::LLLdataset/dataset/processed/test/DDD.csv::case_632,39,30,39,False,False,0,False,False,0,False,False,0,-9,worsened,1,1,1
test::LLLdataset/dataset/processed/test/DDD.csv::case_633,28,30,27,False,False,0,False,False,0,False,False,0,2,improved,1,1,1
test::LLLdataset/dataset/processed/test/DDD.csv::case_634,2,2,2,False,False,0,True,True,0,True,True,0,0,unchanged,1,1,1
test::LLLdataset/dataset/processed/test/DDD.csv::case_635,79,51,999999,False,False,0,False,False,0,False,False,0,-28,worsened,1,1,1
test::LLLdataset/dataset/processed/test/DDD.csv::case_636,999999,51,999999,False,False,0,False,False,0,False,False,0,-999948,worsened,1,1,1
test::LLLdataset/dataset/processed/test/DDD.csv::case_637,999999,51,999999,False,False,0,False,False,0,False,False,0,-999948,worsened,1,1,1
test::LLLdataset/dataset/processed/test/DDD.csv::case_638,18,14,20,False,False,0,False,False,0,False,False,0,-4,worsened,1,1,1
test::LLLdataset/dataset/processed/test/DDD.csv::case_639,6,6,6,False,False,0,False,False,0,False,False,0,0,unchanged,1,1,1
test::LLLdataset/dataset/processed/test/DDD.csv::case_64,6,2,6,False,False,0,True,False,-1,True,False,-1,-4,worsened,1,1,1
test::LLLdataset/dataset/processed/test/DDD.csv::case_640,34,35,35,False,False,0,False,False,0,False,False,0,1,improved,1,1,1
test::LLLdataset/dataset/processed/test/DDD.csv::case_641,11,9,12,False,False,0,False,False,0,False,False,0,-2,worsened,1,1,1
test::LLLdataset/dataset/processed/test/DDD.csv::case_642,999999,51,999999,False,False,0,False,False,0,False,False,0,-999948,worsened,1,1,1
test::LLLdataset/dataset/processed/test/DDD.csv::case_643,99,51,999999,False,False,0,False,False,0,False,False,0,-48,worsened,1,1,1
test::LLLdataset/dataset/processed/test/DDD.csv::case_644,999999,51,999999,False,False,0,False,False,0,False,False,0,-999948,worsened,1,1,1
test::LLLdataset/dataset/processed/test/DDD.csv::case_645,30,30,30,False,False,0,False,False,0,False,False,0,0,unchanged,1,1,1
test::LLLdataset/dataset/processed/test/DDD.csv::case_646,1,1,1,True,True,0,True,True,0,True,True,0,0,unchanged,1,1,1
test::LLLdataset/dataset/processed/test/DDD.csv::case_647,999999,51,999999,False,False,0,False,False,0,False,False,0,-999948,worsened,1,1,1
test::LLLdataset/dataset/processed/test/DDD.csv::case_648,5,4,5,False,False,0,False,False,0,True,True,0,-1,worsened,1,1,1
test::LLLdataset/dataset/processed/test/DDD.csv::case_649,3,1,3,True,False,-1,True,True,0,True,True,0,-2,worsened,1,1,1
test::LLLdataset/dataset/processed/test/DDD.csv::case_65,21,15,22,False,False,0,False,False,0,False,False,0,-6,worsened,1,1,1
test::LLLdataset/dataset/processed/test/DDD.csv::case_650,36,34,36,False,False,0,False,False,0,False,False,0,-2,worsened,1,1,1
test::LLLdataset/dataset/processed/test/DDD.csv::case_651,18,14,20,False,False,0,False,False,0,False,False,0,-4,worsened,1,1,0
test::LLLdataset/dataset/processed/test/DDD.csv::case_652,1,1,1,True,True,0,True,True,0,True,True,0,0,unchanged,1,1,1
test::LLLdataset/dataset/processed/test/DDD.csv::case_653,2,1,2,True,False,-1,True,True,0,True,True,0,-1,worsened,1,1,1
test::LLLdataset/dataset/processed/test/DDD.csv::case_654,1,1,1,True,True,0,True,True,0,True,True,0,0,unchanged,1,1,1
test::LLLdataset/dataset/processed/test/DDD.csv::case_655,7,7,7,False,False,0,False,False,0,False,False,0,0,unchanged,1,1,1
test::LLLdataset/dataset/processed/test/DDD.csv::case_656,2,2,3,False,False,0,True,True,0,True,True,0,0,unchanged,1,1,1
test::LLLdataset/dataset/processed/test/DDD.csv::case_657,176,51,999999,False,False,0,False,False,0,False,False,0,-125,worsened,1,1,1
test::LLLdataset/dataset/processed/test/DDD.csv::case_658,50,51,999999,False,False,0,False,False,0,False,False,0,1,improved,1,1,1
test::LLLdataset/dataset/processed/test/DDD.csv::case_659,45,51,999999,False,False,0,False,False,0,False,False,0,6,improved,1,1,1
test::LLLdataset/dataset/processed/test/DDD.csv::case_66,1,1,1,True,True,0,True,True,0,True,True,0,0,unchanged,1,1,1
test::LLLdataset/dataset/processed/test/DDD.csv::case_660,12,14,13,False,False,0,False,False,0,False,False,0,2,improved,1,1,1
test::LLLdataset/dataset/processed/test/DDD.csv::case_661,2,3,2,False,False,0,True,True,0,True,True,0,1,improved,1,1,1
test::LLLdataset/dataset/processed/test/DDD.csv::case_662,999999,51,999999,False,False,0,False,False,0,False,False,0,-999948,worsened,1,1,1
test::LLLdataset/dataset/processed/test/DDD.csv::case_663,139,51,999999,False,False,0,False,False,0,False,False,0,-88,worsened,0,1,1
test::LLLdataset/dataset/processed/test/DDD.csv::case_664,16,16,17,False,False,0,False,False,0,False,False,0,0,unchanged,1,1,1
test::LLLdataset/dataset/processed/test/DDD.csv::case_665,2,3,2,False,False,0,True,True,0,True,True,0,1,improved,1,1,1
test::LLLdataset/dataset/processed/test/DDD.csv::case_666,52,51,999999,False,False,0,False,False,0,False,False,0,-1,worsened,1,1,1
test::LLLdataset/dataset/processed/test/DDD.csv::case_667,23,32,24,False,False,0,False,False,0,False,False,0,9,improved,1,1,1
test::LLLdataset/dataset/processed/test/DDD.csv::case_668,999999,51,999999,False,False,0,False,False,0,False,False,0,-999948,worsened,1,1,1
test::LLLdataset/dataset/processed/test/DDD.csv::case_669,999999,51,999999,False,False,0,False,False,0,False,False,0,-999948,worsened,1,1,1
test::LLLdataset/dataset/processed/test/DDD.csv::case_67,3,3,3,False,False,0,True,True,0,True,True,0,0,unchanged,1,1,1
test::LLLdataset/dataset/processed/test/DDD.csv::case_670,999999,51,999999,False,False,0,False,False,0,False,False,0,-999948,worsened,1,1,1
test::LLLdataset/dataset/processed/test/DDD.csv::case_671,999999,51,999999,False,False,0,False,False,0,False,False,0,-999948,worsened,1,1,0
test::LLLdataset/dataset/processed/test/DDD.csv::case_672,999999,51,999999,False,False,0,False,False,0,False,False,0,-999948,worsened,1,1,1
test::LLLdataset/dataset/processed/test/DDD.csv::case_673,29,22,30,False,False,0,False,False,0,False,False,0,-7,worsened,1,1,1
test::LLLdataset/dataset/processed/test/DDD.csv::case_674,999999,51,999999,False,False,0,False,False,0,False,False,0,-999948,worsened,1,1,1
test::LLLdataset/dataset/processed/test/DDD.csv::case_675,999999,51,999999,False,False,0,False,False,0,False,False,0,-999948,worsened,1,1,1
test::LLLdataset/dataset/processed/test/DDD.csv::case_676,999999,51,999999,False,False,0,False,False,0,False,False,0,-999948,worsened,1,1,1
test::LLLdataset/dataset/processed/test/DDD.csv::case_677,55,51,999999,False,False,0,False,False,0,False,False,0,-4,worsened,1,1,1
test::LLLdataset/dataset/processed/test/DDD.csv::case_678,999999,51,999999,False,False,0,False,False,0,False,False,0,-999948,worsened,1,1,1
test::LLLdataset/dataset/processed/test/DDD.csv::case_679,999999,51,999999,False,False,0,False,False,0,False,False,0,-999948,worsened,1,1,1
test::LLLdataset/dataset/processed/test/DDD.csv::case_68,999999,51,999999,False,False,0,False,False,0,False,False,0,-999948,worsened,1,1,1
test::LLLdataset/dataset/processed/test/DDD.csv::case_680,111,51,999999,False,False,0,False,False,0,False,False,0,-60,worsened,1,1,1
test::LLLdataset/dataset/processed/test/DDD.csv::case_681,3,3,3,False,False,0,True,True,0,True,True,0,0,unchanged,1,1,0
test::LLLdataset/dataset/processed/test/DDD.csv::case_682,1,1,1,True,True,0,True,True,0,True,True,0,0,unchanged,1,1,1
test::LLLdataset/dataset/processed/test/DDD.csv::case_683,24,24,25,False,False,0,False,False,0,False,False,0,0,unchanged,1,1,1
test::LLLdataset/dataset/processed/test/DDD.csv::case_684,999999,51,999999,False,False,0,False,False,0,False,False,0,-999948,worsened,1,1,1
test::LLLdataset/dataset/processed/test/DDD.csv::case_685,62,51,999999,False,False,0,False,False,0,False,False,0,-11,worsened,1,1,1
test::LLLdataset/dataset/processed/test/DDD.csv::case_686,4,4,3,False,False,0,False,False,0,True,True,0,0,unchanged,1,1,1
test::LLLdataset/dataset/processed/test/DDD.csv::case_687,25,16,25,False,False,0,False,False,0,False,False,0,-9,worsened,1,1,1
test::LLLdataset/dataset/processed/test/DDD.csv::case_688,1,1,1,True,True,0,True,True,0,True,True,0,0,unchanged,1,1,1
test::LLLdataset/dataset/processed/test/DDD.csv::case_689,27,14,27,False,False,0,False,False,0,False,False,0,-13,worsened,1,1,1
test::LLLdataset/dataset/processed/test/DDD.csv::case_69,1,1,1,True,True,0,True,True,0,True,True,0,0,unchanged,1,1,1
test::LLLdataset/dataset/processed/test/DDD.csv::case_690,1,1,1,True,True,0,True,True,0,True,True,0,0,unchanged,1,1,1
test::LLLdataset/dataset/processed/test/DDD.csv::case_691,2,2,2,False,False,0,True,True,0,True,True,0,0,unchanged,1,1,1
test::LLLdataset/dataset/processed/test/DDD.csv::case_692,1,1,1,True,True,0,True,True,0,True,True,0,0,unchanged,1,1,1
test::LLLdataset/dataset/processed/test/DDD.csv::case_693,1,1,1,True,True,0,True,True,0,True,True,0,0,unchanged,1,1,1
test::LLLdataset/dataset/processed/test/DDD.csv::case_694,1,1,1,True,True,0,True,True,0,True,True,0,0,unchanged,1,1,1
test::LLLdataset/dataset/processed/test/DDD.csv::case_695,12,12,12,False,False,0,False,False,0,False,False,0,0,unchanged,1,1,1
test::LLLdataset/dataset/processed/test/DDD.csv::case_696,6,5,6,False,False,0,False,False,0,True,False,-1,-1,worsened,1,1,1
test::LLLdataset/dataset/processed/test/DDD.csv::case_697,999999,51,999999,False,False,0,False,False,0,False,False,0,-999948,worsened,1,1,1
test::LLLdataset/dataset/processed/test/DDD.csv::case_698,999999,51,999999,False,False,0,False,False,0,False,False,0,-999948,worsened,1,1,1
test::LLLdataset/dataset/processed/test/DDD.csv::case_699,16,16,16,False,False,0,False,False,0,False,False,0,0,unchanged,1,1,1
test::LLLdataset/dataset/processed/test/DDD.csv::case_7,9,6,9,False,False,0,False,False,0,False,False,0,-3,worsened,1,1,1
test::LLLdataset/dataset/processed/test/DDD.csv::case_70,4,5,4,False,False,0,False,False,0,True,True,0,1,improved,1,1,1
test::LLLdataset/dataset/processed/test/DDD.csv::case_700,39,34,39,False,False,0,False,False,0,False,False,0,-5,worsened,1,1,1
test::LLLdataset/dataset/processed/test/DDD.csv::case_701,999999,51,999999,False,False,0,False,False,0,False,False,0,-999948,worsened,1,1,1
test::LLLdataset/dataset/processed/test/DDD.csv::case_702,1,1,1,True,True,0,True,True,0,True,True,0,0,unchanged,1,1,1
test::LLLdataset/dataset/processed/test/DDD.csv::case_703,17,11,17,False,False,0,False,False,0,False,False,0,-6,worsened,1,1,1
test::LLLdataset/dataset/processed/test/DDD.csv::case_704,2,2,2,False,False,0,True,True,0,True,True,0,0,unchanged,1,1,1
test::LLLdataset/dataset/processed/test/DDD.csv::case_705,11,4,11,False,False,0,False,False,0,True,False,-1,-7,worsened,1,1,1
test::LLLdataset/dataset/processed/test/DDD.csv::case_706,1,1,1,True,True,0,True,True,0,True,True,0,0,unchanged,1,1,1
test::LLLdataset/dataset/processed/test/DDD.csv::case_707,1,1,1,True,True,0,True,True,0,True,True,0,0,unchanged,0,1,1
test::LLLdataset/dataset/processed/test/DDD.csv::case_708,17,14,17,False,False,0,False,False,0,False,False,0,-3,worsened,1,1,1
test::LLLdataset/dataset/processed/test/DDD.csv::case_709,48,49,49,False,False,0,False,False,0,False,False,0,1,improved,1,1,1
test::LLLdataset/dataset/processed/test/DDD.csv::case_71,28,15,29,False,False,0,False,False,0,False,False,0,-13,worsened,1,1,1
test::LLLdataset/dataset/processed/test/DDD.csv::case_710,36,38,37,False,False,0,False,False,0,False,False,0,2,improved,1,1,1
test::LLLdataset/dataset/processed/test/DDD.csv::case_711,1,2,1,False,True,1,True,True,0,True,True,0,1,improved,1,1,1
test::LLLdataset/dataset/processed/test/DDD.csv::case_712,1,2,1,False,True,1,True,True,0,True,True,0,1,improved,1,1,1
test::LLLdataset/dataset/processed/test/DDD.csv::case_713,1,2,1,False,True,1,True,True,0,True,True,0,1,improved,1,1,1
test::LLLdataset/dataset/processed/test/DDD.csv::case_714,1,1,1,True,True,0,True,True,0,True,True,0,0,unchanged,1,1,1
test::LLLdataset/dataset/processed/test/DDD.csv::case_715,999999,51,999999,False,False,0,False,False,0,False,False,0,-999948,worsened,1,1,1
test::LLLdataset/dataset/processed/test/DDD.csv::case_716,17,15,20,False,False,0,False,False,0,False,False,0,-2,worsened,1,1,1
test::LLLdataset/dataset/processed/test/DDD.csv::case_717,1,1,1,True,True,0,True,True,0,True,True,0,0,unchanged,1,1,1
test::LLLdataset/dataset/processed/test/DDD.csv::case_718,1,1,1,True,True,0,True,True,0,True,True,0,0,unchanged,1,1,1
test::LLLdataset/dataset/processed/test/DDD.csv::case_719,5,5,5,False,False,0,False,False,0,True,True,0,0,unchanged,1,1,1
test::LLLdataset/dataset/processed/test/DDD.csv::case_72,32,33,31,False,False,0,False,False,0,False,False,0,1,improved,1,1,1
test::LLLdataset/dataset/processed/test/DDD.csv::case_720,2,2,2,False,False,0,True,True,0,True,True,0,0,unchanged,1,1,1
test::LLLdataset/dataset/processed/test/DDD.csv::case_721,1,1,2,True,True,0,True,True,0,True,True,0,0,unchanged,1,1,1
test::LLLdataset/dataset/processed/test/DDD.csv::case_722,1,1,1,True,True,0,True,True,0,True,True,0,0,unchanged,1,1,1
test::LLLdataset/dataset/processed/test/DDD.csv::case_723,14,6,14,False,False,0,False,False,0,False,False,0,-8,worsened,1,1,1
test::LLLdataset/dataset/processed/test/DDD.csv::case_724,8,8,8,False,False,0,False,False,0,False,False,0,0,unchanged,1,1,1
test::LLLdataset/dataset/processed/test/DDD.csv::case_725,1,1,2,True,True,0,True,True,0,True,True,0,0,unchanged,1,1,1
test::LLLdataset/dataset/processed/test/DDD.csv::case_726,1,1,1,True,True,0,True,True,0,True,True,0,0,unchanged,1,1,1
test::LLLdataset/dataset/processed/test/DDD.csv::case_727,999999,51,999999,False,False,0,False,False,0,False,False,0,-999948,worsened,1,1,1
test::LLLdataset/dataset/processed/test/DDD.csv::case_728,44,51,999999,False,False,0,False,False,0,False,False,0,7,improved,1,1,1
test::LLLdataset/dataset/processed/test/DDD.csv::case_729,1,1,1,True,True,0,True,True,0,True,True,0,0,unchanged,1,1,1
test::LLLdataset/dataset/processed/test/DDD.csv::case_73,1,1,1,True,True,0,True,True,0,True,True,0,0,unchanged,1,1,1
test::LLLdataset/dataset/processed/test/DDD.csv::case_730,1,1,1,True,True,0,True,True,0,True,True,0,0,unchanged,1,1,1
test::LLLdataset/dataset/processed/test/DDD.csv::case_731,2,2,2,False,False,0,True,True,0,True,True,0,0,unchanged,1,1,1
test::LLLdataset/dataset/processed/test/DDD.csv::case_732,1,1,1,True,True,0,True,True,0,True,True,0,0,unchanged,1,1,1
test::LLLdataset/dataset/processed/test/DDD.csv::case_733,2,2,2,False,False,0,True,True,0,True,True,0,0,unchanged,1,1,1
test::LLLdataset/dataset/processed/test/DDD.csv::case_734,31,28,35,False,False,0,False,False,0,False,False,0,-3,worsened,1,1,1
test::LLLdataset/dataset/processed/test/DDD.csv::case_735,1,1,1,True,True,0,True,True,0,True,True,0,0,unchanged,1,1,1
test::LLLdataset/dataset/processed/test/DDD.csv::case_736,1,1,1,True,True,0,True,True,0,True,True,0,0,unchanged,1,1,1
test::LLLdataset/dataset/processed/test/DDD.csv::case_737,34,32,34,False,False,0,False,False,0,False,False,0,-2,worsened,1,1,1
test::LLLdataset/dataset/processed/test/DDD.csv::case_738,1,1,1,True,True,0,True,True,0,True,True,0,0,unchanged,1,1,1
test::LLLdataset/dataset/processed/test/DDD.csv::case_739,1,2,1,False,True,1,True,True,0,True,True,0,1,improved,1,1,1
test::LLLdataset/dataset/processed/test/DDD.csv::case_74,14,15,14,False,False,0,False,False,0,False,False,0,1,improved,1,1,1
test::LLLdataset/dataset/processed/test/DDD.csv::case_740,1,1,1,True,True,0,True,True,0,True,True,0,0,unchanged,0,1,1
test::LLLdataset/dataset/processed/test/DDD.csv::case_741,6,6,6,False,False,0,False,False,0,False,False,0,0,unchanged,1,1,1
test::LLLdataset/dataset/processed/test/DDD.csv::case_742,1,1,1,True,True,0,True,True,0,True,True,0,0,unchanged,1,1,1
test::LLLdataset/dataset/processed/test/DDD.csv::case_743,1,1,1,True,True,0,True,True,0,True,True,0,0,unchanged,1,1,1
test::LLLdataset/dataset/processed/test/DDD.csv::case_744,1,1,1,True,True,0,True,True,0,True,True,0,0,unchanged,1,1,1
test::LLLdataset/dataset/processed/test/DDD.csv::case_745,1,1,1,True,True,0,True,True,0,True,True,0,0,unchanged,1,1,1
test::LLLdataset/dataset/processed/test/DDD.csv::case_746,22,21,23,False,False,0,False,False,0,False,False,0,-1,worsened,1,1,1
test::LLLdataset/dataset/processed/test/DDD.csv::case_747,1,1,1,True,True,0,True,True,0,True,True,0,0,unchanged,1,1,1
test::LLLdataset/dataset/processed/test/DDD.csv::case_748,1,1,1,True,True,0,True,True,0,True,True,0,0,unchanged,1,1,1
test::LLLdataset/dataset/processed/test/DDD.csv::case_749,1,1,1,True,True,0,True,True,0,True,True,0,0,unchanged,1,1,1
test::LLLdataset/dataset/processed/test/DDD.csv::case_75,14,15,15,False,False,0,False,False,0,False,False,0,1,improved,1,1,1
test::LLLdataset/dataset/processed/test/DDD.csv::case_750,1,1,1,True,True,0,True,True,0,True,True,0,0,unchanged,1,1,1
test::LLLdataset/dataset/processed/test/DDD.csv::case_751,3,3,3,False,False,0,True,True,0,True,True,0,0,unchanged,1,1,1
test::LLLdataset/dataset/processed/test/DDD.csv::case_752,1,1,1,True,True,0,True,True,0,True,True,0,0,unchanged,1,1,1
test::LLLdataset/dataset/processed/test/DDD.csv::case_753,1,1,1,True,True,0,True,True,0,True,True,0,0,unchanged,1,1,1
test::LLLdataset/dataset/processed/test/DDD.csv::case_754,1,1,1,True,True,0,True,True,0,True,True,0,0,unchanged,1,1,1
test::LLLdataset/dataset/processed/test/DDD.csv::case_755,1,1,1,True,True,0,True,True,0,True,True,0,0,unchanged,1,1,1
test::LLLdataset/dataset/processed/test/DDD.csv::case_756,1,1,1,True,True,0,True,True,0,True,True,0,0,unchanged,1,1,1
test::LLLdataset/dataset/processed/test/DDD.csv::case_757,35,51,999999,False,False,0,False,False,0,False,False,0,16,improved,1,1,1
test::LLLdataset/dataset/processed/test/DDD.csv::case_758,1,1,1,True,True,0,True,True,0,True,True,0,0,unchanged,1,1,1
test::LLLdataset/dataset/processed/test/DDD.csv::case_759,1,1,1,True,True,0,True,True,0,True,True,0,0,unchanged,1,1,1
test::LLLdataset/dataset/processed/test/DDD.csv::case_76,6,4,6,False,False,0,False,False,0,True,False,-1,-2,worsened,1,1,1
test::LLLdataset/dataset/processed/test/DDD.csv::case_760,1,1,1,True,True,0,True,True,0,True,True,0,0,unchanged,1,1,1
test::LLLdataset/dataset/processed/test/DDD.csv::case_761,1,1,1,True,True,0,True,True,0,True,True,0,0,unchanged,1,1,1
test::LLLdataset/dataset/processed/test/DDD.csv::case_77,1,1,1,True,True,0,True,True,0,True,True,0,0,unchanged,0,1,1
test::LLLdataset/dataset/processed/test/DDD.csv::case_78,1,1,1,True,True,0,True,True,0,True,True,0,0,unchanged,1,1,1
test::LLLdataset/dataset/processed/test/DDD.csv::case_79,2,2,2,False,False,0,True,True,0,True,True,0,0,unchanged,1,1,1
test::LLLdataset/dataset/processed/test/DDD.csv::case_8,1,1,1,True,True,0,True,True,0,True,True,0,0,unchanged,1,1,1
test::LLLdataset/dataset/processed/test/DDD.csv::case_80,49,51,999999,False,False,0,False,False,0,False,False,0,2,improved,1,1,1
test::LLLdataset/dataset/processed/test/DDD.csv::case_81,10,4,11,False,False,0,False,False,0,True,False,-1,-6,worsened,1,1,1
test::LLLdataset/dataset/processed/test/DDD.csv::case_82,17,12,17,False,False,0,False,False,0,False,False,0,-5,worsened,1,1,1
test::LLLdataset/dataset/processed/test/DDD.csv::case_83,1,1,1,True,True,0,True,True,0,True,True,0,0,unchanged,1,1,1
test::LLLdataset/dataset/processed/test/DDD.csv::case_84,1,1,1,True,True,0,True,True,0,True,True,0,0,unchanged,1,1,1
test::LLLdataset/dataset/processed/test/DDD.csv::case_85,1,1,1,True,True,0,True,True,0,True,True,0,0,unchanged,1,1,1
test::LLLdataset/dataset/processed/test/DDD.csv::case_86,1,1,1,True,True,0,True,True,0,True,True,0,0,unchanged,1,1,1
test::LLLdataset/dataset/processed/test/DDD.csv::case_87,41,37,41,False,False,0,False,False,0,False,False,0,-4,worsened,1,1,1
test::LLLdataset/dataset/processed/test/DDD.csv::case_88,1,1,1,True,True,0,True,True,0,True,True,0,0,unchanged,1,1,1
test::LLLdataset/dataset/processed/test/DDD.csv::case_89,999999,51,999999,False,False,0,False,False,0,False,False,0,-999948,worsened,1,1,1
test::LLLdataset/dataset/processed/test/DDD.csv::case_9,1,1,1,True,True,0,True,True,0,True,True,0,0,unchanged,1,1,1
test::LLLdataset/dataset/processed/test/DDD.csv::case_90,1,1,1,True,True,0,True,True,0,True,True,0,0,unchanged,1,1,1
test::LLLdataset/dataset/processed/test/DDD.csv::case_91,3,3,3,False,False,0,True,True,0,True,True,0,0,unchanged,1,1,1
test::LLLdataset/dataset/processed/test/DDD.csv::case_92,1,1,1,True,True,0,True,True,0,True,True,0,0,unchanged,1,1,1
test::LLLdataset/dataset/processed/test/DDD.csv::case_93,1,1,1,True,True,0,True,True,0,True,True,0,0,unchanged,1,1,1
test::LLLdataset/dataset/processed/test/DDD.csv::case_94,1,1,1,True,True,0,True,True,0,True,True,0,0,unchanged,1,1,1
test::LLLdataset/dataset/processed/test/DDD.csv::case_95,16,16,16,False,False,0,False,False,0,False,False,0,0,unchanged,1,1,1
test::LLLdataset/dataset/processed/test/DDD.csv::case_96,4,3,5,False,False,0,True,False,-1,True,True,0,-1,worsened,1,1,1
test::LLLdataset/dataset/processed/test/DDD.csv::case_97,3,3,4,False,False,0,True,True,0,True,True,0,0,unchanged,1,1,1
test::LLLdataset/dataset/processed/test/DDD.csv::case_98,51,51,999999,False,False,0,False,False,0,False,False,0,0,unchanged,1,1,1
test::LLLdataset/dataset/processed/test/DDD.csv::case_99,1,1,1,True,True,0,True,True,0,True,True,0,0,unchanged,1,1,1
