old_mondo_id,old_label,is_obsolete,replaced_by_mondo_id,replaced_by_label,consider_mondo_ids,in_v59,provided_name,final_recommendation,rag_strategy,exact_eval_strategy,relaxed_eval_strategy,source_name,source_url,notes
MONDO:0012233,obsolete Li-Fraumeni syndrome 2,True,,,MONDO:0018875,True,NOT_FOUND,manual_review_keep_original,retain original with warning; do not silently map,keep original v59 MONDO ID for exact evaluation,do not apply relaxed mapping unless curated,MONDO OBO latest,https://github.com/monarch-initiative/mondo/releases/latest/download/mondo.obo,Obsolete/replacement status parsed from latest MONDO OBO downloaded for v2 final audit.
MONDO:0015192,obsolete unclassified intestinal pseudoobstruction,True,,,MONDO:0017574,True,NOT_FOUND,manual_review_keep_original,retain original with warning; do not silently map,keep original v59 MONDO ID for exact evaluation,do not apply relaxed mapping unless curated,MONDO OBO latest,https://github.com/monarch-initiative/mondo/releases/latest/download/mondo.obo,Obsolete/replacement status parsed from latest MONDO OBO downloaded for v2 final audit.
MONDO:0015305,obsolete rare endometriosis,True,,,MONDO:0005133,True,NOT_FOUND,manual_review_keep_original,retain original with warning; do not silently map,keep original v59 MONDO ID for exact evaluation,do not apply relaxed mapping unless curated,MONDO OBO latest,https://github.com/monarch-initiative/mondo/releases/latest/download/mondo.obo,Obsolete/replacement status parsed from latest MONDO OBO downloaded for v2 final audit.
MONDO:0015343,obsolete secondary acute transverse myelitis,True,,,MONDO:0015342,True,NOT_FOUND,manual_review_keep_original,retain original with warning; do not silently map,keep original v59 MONDO ID for exact evaluation,do not apply relaxed mapping unless curated,MONDO OBO latest,https://github.com/monarch-initiative/mondo/releases/latest/download/mondo.obo,Obsolete/replacement status parsed from latest MONDO OBO downloaded for v2 final audit.
MONDO:0015488,obsolete predominantly large-vessel vasculitis,True,,,,True,NOT_FOUND,manual_review_keep_original,retain original with warning; do not silently map,keep original v59 MONDO ID for exact evaluation,do not apply relaxed mapping unless curated,MONDO OBO latest,https://github.com/monarch-initiative/mondo/releases/latest/download/mondo.obo,Obsolete/replacement status parsed from latest MONDO OBO downloaded for v2 final audit.
MONDO:0015490,obsolete predominantly small-vessel vasculitis,True,,,,True,NOT_FOUND,manual_review_keep_original,retain original with warning; do not silently map,keep original v59 MONDO ID for exact evaluation,do not apply relaxed mapping unless curated,MONDO OBO latest,https://github.com/monarch-initiative/mondo/releases/latest/download/mondo.obo,Obsolete/replacement status parsed from latest MONDO OBO downloaded for v2 final audit.
MONDO:0015683,obsolete primary malignant peritoneal tumor,True,,,,True,NOT_FOUND,manual_review_keep_original,retain original with warning; do not silently map,keep original v59 MONDO ID for exact evaluation,do not apply relaxed mapping unless curated,MONDO OBO latest,https://github.com/monarch-initiative/mondo/releases/latest/download/mondo.obo,Obsolete/replacement status parsed from latest MONDO OBO downloaded for v2 final audit.
MONDO:0015897,obsolete rare hyperparathyroidism,True,MONDO:0001741,hyperparathyroidism,,True,NOT_FOUND,map_for_rag_and_relaxed_eval_keep_original_for_exact_eval,expand retrieval with replaced_by MONDO while retaining original v59 ID,keep original v59 MONDO ID for exact evaluation,count replacement hit only in separately reported relaxed evaluation,MONDO OBO latest,https://github.com/monarch-initiative/mondo/releases/latest/download/mondo.obo,Obsolete/replacement status parsed from latest MONDO OBO downloaded for v2 final audit.
MONDO:0015928,obsolete secondary interstitial lung disease in childhood and adulthood associated with a connective tissue disease,True,,,MONDO:0015925,True,NOT_FOUND,manual_review_keep_original,retain original with warning; do not silently map,keep original v59 MONDO ID for exact evaluation,do not apply relaxed mapping unless curated,MONDO OBO latest,https://github.com/monarch-initiative/mondo/releases/latest/download/mondo.obo,Obsolete/replacement status parsed from latest MONDO OBO downloaded for v2 final audit.
MONDO:0016232,obsolete rare venous malformation,True,,,"MedDRA:10025532 {source=""Orphanet:211252/e"", source=""Orphanet:211252""}",True,NOT_FOUND,manual_review_keep_original,retain original with warning; do not silently map,keep original v59 MONDO ID for exact evaluation,do not apply relaxed mapping unless curated,MONDO OBO latest,https://github.com/monarch-initiative/mondo/releases/latest/download/mondo.obo,Obsolete/replacement status parsed from latest MONDO OBO downloaded for v2 final audit.
MONDO:0016234,obsolete rare arteriovenous malformation,True,MONDO:0001256,arteriovenous hemangioma/malformation,,True,NOT_FOUND,map_for_rag_and_relaxed_eval_keep_original_for_exact_eval,expand retrieval with replaced_by MONDO while retaining original v59 ID,keep original v59 MONDO ID for exact evaluation,count replacement hit only in separately reported relaxed evaluation,MONDO OBO latest,https://github.com/monarch-initiative/mondo/releases/latest/download/mondo.obo,Obsolete/replacement status parsed from latest MONDO OBO downloaded for v2 final audit.
MONDO:0016343,obsolete unclassified cardiomyopathy,True,,,MONDO:0004994,True,NOT_FOUND,manual_review_keep_original,retain original with warning; do not silently map,keep original v59 MONDO ID for exact evaluation,do not apply relaxed mapping unless curated,MONDO OBO latest,https://github.com/monarch-initiative/mondo/releases/latest/download/mondo.obo,Obsolete/replacement status parsed from latest MONDO OBO downloaded for v2 final audit.
MONDO:0016363,obsolete rare hereditary hemochromatosis,True,MONDO:0006507,hereditary hemochromatosis,,True,NOT_FOUND,map_for_rag_and_relaxed_eval_keep_original_for_exact_eval,expand retrieval with replaced_by MONDO while retaining original v59 ID,keep original v59 MONDO ID for exact evaluation,count replacement hit only in separately reported relaxed evaluation,MONDO OBO latest,https://github.com/monarch-initiative/mondo/releases/latest/download/mondo.obo,Obsolete/replacement status parsed from latest MONDO OBO downloaded for v2 final audit.
MONDO:0016428,obsolete multiple sclerosis variant,True,,,,True,NOT_FOUND,manual_review_keep_original,retain original with warning; do not silently map,keep original v59 MONDO ID for exact evaluation,do not apply relaxed mapping unless curated,MONDO OBO latest,https://github.com/monarch-initiative/mondo/releases/latest/download/mondo.obo,Obsolete/replacement status parsed from latest MONDO OBO downloaded for v2 final audit.
MONDO:0016627,obsolete rare hemorrhagic disorder,True,MONDO:0002243,hemorrhagic disease,,True,NOT_FOUND,map_for_rag_and_relaxed_eval_keep_original_for_exact_eval,expand retrieval with replaced_by MONDO while retaining original v59 ID,keep original v59 MONDO ID for exact evaluation,count replacement hit only in separately reported relaxed evaluation,MONDO OBO latest,https://github.com/monarch-initiative/mondo/releases/latest/download/mondo.obo,Obsolete/replacement status parsed from latest MONDO OBO downloaded for v2 final audit.
MONDO:0016629,obsolete hemorrhagic disorder due to a platelet anomaly,True,,,MONDO:0002243,True,NOT_FOUND,manual_review_keep_original,retain original with warning; do not silently map,keep original v59 MONDO ID for exact evaluation,do not apply relaxed mapping unless curated,MONDO OBO latest,https://github.com/monarch-initiative/mondo/releases/latest/download/mondo.obo,Obsolete/replacement status parsed from latest MONDO OBO downloaded for v2 final audit.
MONDO:0016665,obsolete unclassified vasculitis,True,,,MONDO:0018882,True,NOT_FOUND,manual_review_keep_original,retain original with warning; do not silently map,keep original v59 MONDO ID for exact evaluation,do not apply relaxed mapping unless curated,MONDO OBO latest,https://github.com/monarch-initiative/mondo/releases/latest/download/mondo.obo,Obsolete/replacement status parsed from latest MONDO OBO downloaded for v2 final audit.
MONDO:0016667,obsolete sickle cell disease associated with an other hemoglobin anomaly,True,,,,True,NOT_FOUND,manual_review_keep_original,retain original with warning; do not silently map,keep original v59 MONDO ID for exact evaluation,do not apply relaxed mapping unless curated,MONDO OBO latest,https://github.com/monarch-initiative/mondo/releases/latest/download/mondo.obo,Obsolete/replacement status parsed from latest MONDO OBO downloaded for v2 final audit.
MONDO:0016721,obsolete pineal tumor of neuroepithelial tissue,True,,,,True,NOT_FOUND,manual_review_keep_original,retain original with warning; do not silently map,keep original v59 MONDO ID for exact evaluation,do not apply relaxed mapping unless curated,MONDO OBO latest,https://github.com/monarch-initiative/mondo/releases/latest/download/mondo.obo,Obsolete/replacement status parsed from latest MONDO OBO downloaded for v2 final audit.
MONDO:0016784,obsolete gestational trophoblastic disease,True,,,MONDO:0006248; MONDO:0018944,True,NOT_FOUND,manual_review_keep_original,retain original with warning; do not silently map,keep original v59 MONDO ID for exact evaluation,do not apply relaxed mapping unless curated,MONDO OBO latest,https://github.com/monarch-initiative/mondo/releases/latest/download/mondo.obo,Obsolete/replacement status parsed from latest MONDO OBO downloaded for v2 final audit.
MONDO:0016803,obsolete unspecified inborn mitochondrial disorder,True,,,,True,NOT_FOUND,manual_review_keep_original,retain original with warning; do not silently map,keep original v59 MONDO ID for exact evaluation,do not apply relaxed mapping unless curated,MONDO OBO latest,https://github.com/monarch-initiative/mondo/releases/latest/download/mondo.obo,Obsolete/replacement status parsed from latest MONDO OBO downloaded for v2 final audit.
MONDO:0017131,obsolete hereditary cardiac anomaly,True,,,,True,NOT_FOUND,manual_review_keep_original,retain original with warning; do not silently map,keep original v59 MONDO ID for exact evaluation,do not apply relaxed mapping unless curated,MONDO OBO latest,https://github.com/monarch-initiative/mondo/releases/latest/download/mondo.obo,Obsolete/replacement status parsed from latest MONDO OBO downloaded for v2 final audit.
MONDO:0017154,obsolete pulmonary arterial hypertension associated with portal hypertension,True,,,MONDO:0015924,True,NOT_FOUND,manual_review_keep_original,retain original with warning; do not silently map,keep original v59 MONDO ID for exact evaluation,do not apply relaxed mapping unless curated,MONDO OBO latest,https://github.com/monarch-initiative/mondo/releases/latest/download/mondo.obo,Obsolete/replacement status parsed from latest MONDO OBO downloaded for v2 final audit.
MONDO:0017428,obsolete congenital deformities of fingers,True,,,,True,NOT_FOUND,manual_review_keep_original,retain original with warning; do not silently map,keep original v59 MONDO ID for exact evaluation,do not apply relaxed mapping unless curated,MONDO OBO latest,https://github.com/monarch-initiative/mondo/releases/latest/download/mondo.obo,Obsolete/replacement status parsed from latest MONDO OBO downloaded for v2 final audit.
MONDO:0017651,obsolete primary myoclonus,True,,,,True,NOT_FOUND,manual_review_keep_original,retain original with warning; do not silently map,keep original v59 MONDO ID for exact evaluation,do not apply relaxed mapping unless curated,MONDO OBO latest,https://github.com/monarch-initiative/mondo/releases/latest/download/mondo.obo,Obsolete/replacement status parsed from latest MONDO OBO downloaded for v2 final audit.
MONDO:0018080,obsolete rare germ cell tumor,True,MONDO:0005040,germ cell tumor,,True,NOT_FOUND,map_for_rag_and_relaxed_eval_keep_original_for_exact_eval,expand retrieval with replaced_by MONDO while retaining original v59 ID,keep original v59 MONDO ID for exact evaluation,count replacement hit only in separately reported relaxed evaluation,MONDO OBO latest,https://github.com/monarch-initiative/mondo/releases/latest/download/mondo.obo,Obsolete/replacement status parsed from latest MONDO OBO downloaded for v2 final audit.
MONDO:0018157,obsolete mitochondrial disorder due to a defect in mitochondrial protein synthesis,True,,,MONDO:0004069,True,NOT_FOUND,manual_review_keep_original,retain original with warning; do not silently map,keep original v59 MONDO ID for exact evaluation,do not apply relaxed mapping unless curated,MONDO OBO latest,https://github.com/monarch-initiative/mondo/releases/latest/download/mondo.obo,Obsolete/replacement status parsed from latest MONDO OBO downloaded for v2 final audit.
MONDO:0018188,obsolete hereditary intestinal polyposis,True,,,,True,NOT_FOUND,manual_review_keep_original,retain original with warning; do not silently map,keep original v59 MONDO ID for exact evaluation,do not apply relaxed mapping unless curated,MONDO OBO latest,https://github.com/monarch-initiative/mondo/releases/latest/download/mondo.obo,Obsolete/replacement status parsed from latest MONDO OBO downloaded for v2 final audit.
MONDO:0019599,obsolete primary lipodystrophy,True,,,,True,NOT_FOUND,manual_review_keep_original,retain original with warning; do not silently map,keep original v59 MONDO ID for exact evaluation,do not apply relaxed mapping unless curated,MONDO OBO latest,https://github.com/monarch-initiative/mondo/releases/latest/download/mondo.obo,Obsolete/replacement status parsed from latest MONDO OBO downloaded for v2 final audit.
MONDO:0020078,obsolete acute myeloid leukemia with recurrent genetic anomaly,True,,,MONDO:0018874,True,NOT_FOUND,manual_review_keep_original,retain original with warning; do not silently map,keep original v59 MONDO ID for exact evaluation,do not apply relaxed mapping unless curated,MONDO OBO latest,https://github.com/monarch-initiative/mondo/releases/latest/download/mondo.obo,Obsolete/replacement status parsed from latest MONDO OBO downloaded for v2 final audit.
MONDO:0020116,obsolete rare blood coagulation disease,True,MONDO:0001531,blood coagulation disease,,True,NOT_FOUND,map_for_rag_and_relaxed_eval_keep_original_for_exact_eval,expand retrieval with replaced_by MONDO while retaining original v59 ID,keep original v59 MONDO ID for exact evaluation,count replacement hit only in separately reported relaxed evaluation,MONDO OBO latest,https://github.com/monarch-initiative/mondo/releases/latest/download/mondo.obo,Obsolete/replacement status parsed from latest MONDO OBO downloaded for v2 final audit.
MONDO:0020126,obsolete rare peripheral neuropathy,True,MONDO:0005244,peripheral neuropathy,,True,NOT_FOUND,map_for_rag_and_relaxed_eval_keep_original_for_exact_eval,expand retrieval with replaced_by MONDO while retaining original v59 ID,keep original v59 MONDO ID for exact evaluation,count replacement hit only in separately reported relaxed evaluation,MONDO OBO latest,https://github.com/monarch-initiative/mondo/releases/latest/download/mondo.obo,Obsolete/replacement status parsed from latest MONDO OBO downloaded for v2 final audit.
MONDO:0800029,obsolete interstitial lung disease 2,True,,,MONDO:0800497; MONDO:0800504,True,NOT_FOUND,manual_review_keep_original,retain original with warning; do not silently map,keep original v59 MONDO ID for exact evaluation,do not apply relaxed mapping unless curated,MONDO OBO latest,https://github.com/monarch-initiative/mondo/releases/latest/download/mondo.obo,Obsolete/replacement status parsed from latest MONDO OBO downloaded for v2 final audit.
MONDO:0009930,obsolete pulmonary arteriovenous malformation,True,,,HP:0006548,True,NOT_FOUND,manual_review_keep_original,retain original with warning; do not silently map,keep original v59 MONDO ID for exact evaluation,do not apply relaxed mapping unless curated,MONDO OBO latest,https://github.com/monarch-initiative/mondo/releases/latest/download/mondo.obo,Obsolete/replacement status parsed from latest MONDO OBO downloaded for v2 final audit.
MONDO:0016352,obsolete idiopathic inherited hypercalciuria,True,MONDO:0700418,idiopathic hypercalciuria,,True,NOT_FOUND,map_for_rag_and_relaxed_eval_keep_original_for_exact_eval,expand retrieval with replaced_by MONDO while retaining original v59 ID,keep original v59 MONDO ID for exact evaluation,count replacement hit only in separately reported relaxed evaluation,MONDO OBO latest,https://github.com/monarch-initiative/mondo/releases/latest/download/mondo.obo,Obsolete/replacement status parsed from latest MONDO OBO downloaded for v2 final audit.
MONDO:0017049,obsolete hypomyelination neuropathy-arthrogryposis syndrome,True,MONDO:0700428,hypomyelination neuropathy-arthrogryposis syndrome,,True,NOT_FOUND,map_for_rag_and_relaxed_eval_keep_original_for_exact_eval,expand retrieval with replaced_by MONDO while retaining original v59 ID,keep original v59 MONDO ID for exact evaluation,count replacement hit only in separately reported relaxed evaluation,MONDO OBO latest,https://github.com/monarch-initiative/mondo/releases/latest/download/mondo.obo,Obsolete/replacement status parsed from latest MONDO OBO downloaded for v2 final audit.
MONDO:0100229,obsolete Heimler syndrome,True,,,MONDO:0100259,True,NOT_FOUND,manual_review_keep_original,retain original with warning; do not silently map,keep original v59 MONDO ID for exact evaluation,do not apply relaxed mapping unless curated,MONDO OBO latest,https://github.com/monarch-initiative/mondo/releases/latest/download/mondo.obo,Obsolete/replacement status parsed from latest MONDO OBO downloaded for v2 final audit.
MONDO:0011794,obsolete Dravet syndrome,True,MONDO:0100135,Dravet syndrome,,True,NOT_FOUND,map_for_rag_and_relaxed_eval_keep_original_for_exact_eval,expand retrieval with replaced_by MONDO while retaining original v59 ID,keep original v59 MONDO ID for exact evaluation,count replacement hit only in separately reported relaxed evaluation,MONDO OBO latest,https://github.com/monarch-initiative/mondo/releases/latest/download/mondo.obo,Obsolete/replacement status parsed from latest MONDO OBO downloaded for v2 final audit.
MONDO:0018112,obsolete isolated scaphocephaly,True,,,,True,NOT_FOUND,manual_review_keep_original,retain original with warning; do not silently map,keep original v59 MONDO ID for exact evaluation,do not apply relaxed mapping unless curated,MONDO OBO latest,https://github.com/monarch-initiative/mondo/releases/latest/download/mondo.obo,Obsolete/replacement status parsed from latest MONDO OBO downloaded for v2 final audit.
MONDO:0018114,obsolete isolated brachycephaly,True,,,,True,NOT_FOUND,manual_review_keep_original,retain original with warning; do not silently map,keep original v59 MONDO ID for exact evaluation,do not apply relaxed mapping unless curated,MONDO OBO latest,https://github.com/monarch-initiative/mondo/releases/latest/download/mondo.obo,Obsolete/replacement status parsed from latest MONDO OBO downloaded for v2 final audit.
MONDO:0019150,obsolete familial isolated restrictive cardiomyopathy,True,,,MONDO:0016340,True,NOT_FOUND,manual_review_keep_original,retain original with warning; do not silently map,keep original v59 MONDO ID for exact evaluation,do not apply relaxed mapping unless curated,MONDO OBO latest,https://github.com/monarch-initiative/mondo/releases/latest/download/mondo.obo,Obsolete/replacement status parsed from latest MONDO OBO downloaded for v2 final audit.
MONDO:0019176,obsolete trichorhinophalangeal syndrome type I or III,True,MONDO:0008596,trichorhinophalangeal syndrome type I,,True,NOT_FOUND,map_for_rag_and_relaxed_eval_keep_original_for_exact_eval,expand retrieval with replaced_by MONDO while retaining original v59 ID,keep original v59 MONDO ID for exact evaluation,count replacement hit only in separately reported relaxed evaluation,MONDO OBO latest,https://github.com/monarch-initiative/mondo/releases/latest/download/mondo.obo,Obsolete/replacement status parsed from latest MONDO OBO downloaded for v2 final audit.
MONDO:0019505,obsolete hypomyelination-hypogonadotropic hypogonadism-hypodontia syndrome,True,,,,True,NOT_FOUND,manual_review_keep_original,retain original with warning; do not silently map,keep original v59 MONDO ID for exact evaluation,do not apply relaxed mapping unless curated,MONDO OBO latest,https://github.com/monarch-initiative/mondo/releases/latest/download/mondo.obo,Obsolete/replacement status parsed from latest MONDO OBO downloaded for v2 final audit.
MONDO:0019597,"obsolete 46,XY disorder of sex development due to isolated 17,20-lyase deficiency",True,,,MONDO:0800378,True,NOT_FOUND,manual_review_keep_original,retain original with warning; do not silently map,keep original v59 MONDO ID for exact evaluation,do not apply relaxed mapping unless curated,MONDO OBO latest,https://github.com/monarch-initiative/mondo/releases/latest/download/mondo.obo,Obsolete/replacement status parsed from latest MONDO OBO downloaded for v2 final audit.
MONDO:0019758,obsolete midline interhemispheric variant of holoprosencephaly,True,,,,True,NOT_FOUND,manual_review_keep_original,retain original with warning; do not silently map,keep original v59 MONDO ID for exact evaluation,do not apply relaxed mapping unless curated,MONDO OBO latest,https://github.com/monarch-initiative/mondo/releases/latest/download/mondo.obo,Obsolete/replacement status parsed from latest MONDO OBO downloaded for v2 final audit.
MONDO:0010061,obsolete autosomal recessive cerebellar ataxia-blindness-deafness syndrome,True,MONDO:0013931,peroxisome biogenesis disorder 4B,,True,NOT_FOUND,map_for_rag_and_relaxed_eval_keep_original_for_exact_eval,expand retrieval with replaced_by MONDO while retaining original v59 ID,keep original v59 MONDO ID for exact evaluation,count replacement hit only in separately reported relaxed evaluation,MONDO OBO latest,https://github.com/monarch-initiative/mondo/releases/latest/download/mondo.obo,Obsolete/replacement status parsed from latest MONDO OBO downloaded for v2 final audit.
MONDO:0020300,obsolete autosomal dominant nocturnal frontal lobe epilepsy,True,MONDO:0000030,familial sleep-related hypermotor epilepsy,,True,NOT_FOUND,map_for_rag_and_relaxed_eval_keep_original_for_exact_eval,expand retrieval with replaced_by MONDO while retaining original v59 ID,keep original v59 MONDO ID for exact evaluation,count replacement hit only in separately reported relaxed evaluation,MONDO OBO latest,https://github.com/monarch-initiative/mondo/releases/latest/download/mondo.obo,Obsolete/replacement status parsed from latest MONDO OBO downloaded for v2 final audit.
MONDO:0020315,obsolete unclassified myelodysplastic syndrome,True,,,MONDO:0019453,True,NOT_FOUND,manual_review_keep_original,retain original with warning; do not silently map,keep original v59 MONDO ID for exact evaluation,do not apply relaxed mapping unless curated,MONDO OBO latest,https://github.com/monarch-initiative/mondo/releases/latest/download/mondo.obo,Obsolete/replacement status parsed from latest MONDO OBO downloaded for v2 final audit.
MONDO:0008406,obsolete autosomal recessive Emery-Dreifuss muscular dystrophy,True,,,MONDO:0014676,True,NOT_FOUND,manual_review_keep_original,retain original with warning; do not silently map,keep original v59 MONDO ID for exact evaluation,do not apply relaxed mapping unless curated,MONDO OBO latest,https://github.com/monarch-initiative/mondo/releases/latest/download/mondo.obo,Obsolete/replacement status parsed from latest MONDO OBO downloaded for v2 final audit.
MONDO:0020345,obsolete presynaptic congenital myasthenic syndrome,True,MONDO:0700466,presynaptic congenital myasthenic syndrome,,True,NOT_FOUND,map_for_rag_and_relaxed_eval_keep_original_for_exact_eval,expand retrieval with replaced_by MONDO while retaining original v59 ID,keep original v59 MONDO ID for exact evaluation,count replacement hit only in separately reported relaxed evaluation,MONDO OBO latest,https://github.com/monarch-initiative/mondo/releases/latest/download/mondo.obo,Obsolete/replacement status parsed from latest MONDO OBO downloaded for v2 final audit.
MONDO:0020346,obsolete synaptic congenital myasthenic syndrome,True,,,MONDO:0011281,True,NOT_FOUND,manual_review_keep_original,retain original with warning; do not silently map,keep original v59 MONDO ID for exact evaluation,do not apply relaxed mapping unless curated,MONDO OBO latest,https://github.com/monarch-initiative/mondo/releases/latest/download/mondo.obo,Obsolete/replacement status parsed from latest MONDO OBO downloaded for v2 final audit.
MONDO:0008347,obsolete idiopathic and/or familial pulmonary arterial hypertension,True,,,MONDO:0015924,True,NOT_FOUND,manual_review_keep_original,retain original with warning; do not silently map,keep original v59 MONDO ID for exact evaluation,do not apply relaxed mapping unless curated,MONDO OBO latest,https://github.com/monarch-initiative/mondo/releases/latest/download/mondo.obo,Obsolete/replacement status parsed from latest MONDO OBO downloaded for v2 final audit.
MONDO:0100189,obsolete apolipoprotein A-I deficiency,True,MONDO:0700513,apolipoprotein A-I deficiency,,True,NOT_FOUND,map_for_rag_and_relaxed_eval_keep_original_for_exact_eval,expand retrieval with replaced_by MONDO while retaining original v59 ID,keep original v59 MONDO ID for exact evaluation,count replacement hit only in separately reported relaxed evaluation,MONDO OBO latest,https://github.com/monarch-initiative/mondo/releases/latest/download/mondo.obo,Obsolete/replacement status parsed from latest MONDO OBO downloaded for v2 final audit.
MONDO:0015543,obsolete hemophagocytic syndrome associated with an infection,True,,,MONDO:0015542,True,NOT_FOUND,manual_review_keep_original,retain original with warning; do not silently map,keep original v59 MONDO ID for exact evaluation,do not apply relaxed mapping unless curated,MONDO OBO latest,https://github.com/monarch-initiative/mondo/releases/latest/download/mondo.obo,Obsolete/replacement status parsed from latest MONDO OBO downloaded for v2 final audit.
MONDO:0016174,obsolete paraneoplastic sensory ganglionopathy,True,MONDO:0700416,paraneoplastic sensory ganglionopathy,,True,NOT_FOUND,map_for_rag_and_relaxed_eval_keep_original_for_exact_eval,expand retrieval with replaced_by MONDO while retaining original v59 ID,keep original v59 MONDO ID for exact evaluation,count replacement hit only in separately reported relaxed evaluation,MONDO OBO latest,https://github.com/monarch-initiative/mondo/releases/latest/download/mondo.obo,Obsolete/replacement status parsed from latest MONDO OBO downloaded for v2 final audit.
MONDO:0016355,obsolete semilobar holoprosencephaly,True,MONDO:0700419,semilobar holoprosencephaly,,True,NOT_FOUND,map_for_rag_and_relaxed_eval_keep_original_for_exact_eval,expand retrieval with replaced_by MONDO while retaining original v59 ID,keep original v59 MONDO ID for exact evaluation,count replacement hit only in separately reported relaxed evaluation,MONDO OBO latest,https://github.com/monarch-initiative/mondo/releases/latest/download/mondo.obo,Obsolete/replacement status parsed from latest MONDO OBO downloaded for v2 final audit.
MONDO:0044331,obsolete genetic transient congenital hypothyroidism,True,MONDO:0011792,thyroid dyshormonogenesis 6,,True,NOT_FOUND,map_for_rag_and_relaxed_eval_keep_original_for_exact_eval,expand retrieval with replaced_by MONDO while retaining original v59 ID,keep original v59 MONDO ID for exact evaluation,count replacement hit only in separately reported relaxed evaluation,MONDO OBO latest,https://github.com/monarch-initiative/mondo/releases/latest/download/mondo.obo,Obsolete/replacement status parsed from latest MONDO OBO downloaded for v2 final audit.
MONDO:0016647,obsolete autosomal recessive Stickler syndrome,True,,,,True,NOT_FOUND,manual_review_keep_original,retain original with warning; do not silently map,keep original v59 MONDO ID for exact evaluation,do not apply relaxed mapping unless curated,MONDO OBO latest,https://github.com/monarch-initiative/mondo/releases/latest/download/mondo.obo,Obsolete/replacement status parsed from latest MONDO OBO downloaded for v2 final audit.
MONDO:0018598,obsolete neonatal adrenoleukodystrophy,True,,,MONDO:0019609,True,NOT_FOUND,manual_review_keep_original,retain original with warning; do not silently map,keep original v59 MONDO ID for exact evaluation,do not apply relaxed mapping unless curated,MONDO OBO latest,https://github.com/monarch-initiative/mondo/releases/latest/download/mondo.obo,Obsolete/replacement status parsed from latest MONDO OBO downloaded for v2 final audit.
MONDO:0016788,obsolete genetic hyperferritinemia without iron overload,True,,,HP:0003281,True,NOT_FOUND,manual_review_keep_original,retain original with warning; do not silently map,keep original v59 MONDO ID for exact evaluation,do not apply relaxed mapping unless curated,MONDO OBO latest,https://github.com/monarch-initiative/mondo/releases/latest/download/mondo.obo,Obsolete/replacement status parsed from latest MONDO OBO downloaded for v2 final audit.
MONDO:0017147,obsolete idiopathic pulmonary arterial hypertension,True,MONDO:0001999,idiopathic pulmonary arterial hypertension,,True,NOT_FOUND,map_for_rag_and_relaxed_eval_keep_original_for_exact_eval,expand retrieval with replaced_by MONDO while retaining original v59 ID,keep original v59 MONDO ID for exact evaluation,count replacement hit only in separately reported relaxed evaluation,MONDO OBO latest,https://github.com/monarch-initiative/mondo/releases/latest/download/mondo.obo,Obsolete/replacement status parsed from latest MONDO OBO downloaded for v2 final audit.
MONDO:0017218,obsolete septopreoptic holoprosencephaly,True,,,,True,NOT_FOUND,manual_review_keep_original,retain original with warning; do not silently map,keep original v59 MONDO ID for exact evaluation,do not apply relaxed mapping unless curated,MONDO OBO latest,https://github.com/monarch-initiative/mondo/releases/latest/download/mondo.obo,Obsolete/replacement status parsed from latest MONDO OBO downloaded for v2 final audit.
MONDO:0017241,obsolete AP4-related intellectual disability and spastic paraplegia,True,,,MONDO:0100176,True,NOT_FOUND,manual_review_keep_original,retain original with warning; do not silently map,keep original v59 MONDO ID for exact evaluation,do not apply relaxed mapping unless curated,MONDO OBO latest,https://github.com/monarch-initiative/mondo/releases/latest/download/mondo.obo,Obsolete/replacement status parsed from latest MONDO OBO downloaded for v2 final audit.
MONDO:0017581,obsolete familial infantile gigantism,True,,,MONDO:0010491,True,NOT_FOUND,manual_review_keep_original,retain original with warning; do not silently map,keep original v59 MONDO ID for exact evaluation,do not apply relaxed mapping unless curated,MONDO OBO latest,https://github.com/monarch-initiative/mondo/releases/latest/download/mondo.obo,Obsolete/replacement status parsed from latest MONDO OBO downloaded for v2 final audit.
MONDO:0018144,obsolete congenital myasthenic syndromes with glycosylation defect,True,,,,True,NOT_FOUND,manual_review_keep_original,retain original with warning; do not silently map,keep original v59 MONDO ID for exact evaluation,do not apply relaxed mapping unless curated,MONDO OBO latest,https://github.com/monarch-initiative/mondo/releases/latest/download/mondo.obo,Obsolete/replacement status parsed from latest MONDO OBO downloaded for v2 final audit.
MONDO:0018222,obsolete X-linked intellectual disability due to GRIA3 anomalies,True,MONDO:0010402,syndromic X-linked intellectual disability 94,,True,NOT_FOUND,map_for_rag_and_relaxed_eval_keep_original_for_exact_eval,expand retrieval with replaced_by MONDO while retaining original v59 ID,keep original v59 MONDO ID for exact evaluation,count replacement hit only in separately reported relaxed evaluation,MONDO OBO latest,https://github.com/monarch-initiative/mondo/releases/latest/download/mondo.obo,Obsolete/replacement status parsed from latest MONDO OBO downloaded for v2 final audit.
MONDO:0018277,obsolete congenital muscular dystrophy with cerebellar involvement,True,,,,True,NOT_FOUND,manual_review_keep_original,retain original with warning; do not silently map,keep original v59 MONDO ID for exact evaluation,do not apply relaxed mapping unless curated,MONDO OBO latest,https://github.com/monarch-initiative/mondo/releases/latest/download/mondo.obo,Obsolete/replacement status parsed from latest MONDO OBO downloaded for v2 final audit.
MONDO:0018336,obsolete Silver-Russell syndrome due to a point mutation,True,,,MONDO:0008394,True,NOT_FOUND,manual_review_keep_original,retain original with warning; do not silently map,keep original v59 MONDO ID for exact evaluation,do not apply relaxed mapping unless curated,MONDO OBO latest,https://github.com/monarch-initiative/mondo/releases/latest/download/mondo.obo,Obsolete/replacement status parsed from latest MONDO OBO downloaded for v2 final audit.
MONDO:0018393,obsolete male infertility with azoospermia or oligozoospermia due to single gene mutation,True,,,,True,NOT_FOUND,manual_review_keep_original,retain original with warning; do not silently map,keep original v59 MONDO ID for exact evaluation,do not apply relaxed mapping unless curated,MONDO OBO latest,https://github.com/monarch-initiative/mondo/releases/latest/download/mondo.obo,Obsolete/replacement status parsed from latest MONDO OBO downloaded for v2 final audit.
MONDO:0018575,obsolete microcephalic primordial dwarfism-insulin resistance syndrome,True,,,,True,NOT_FOUND,manual_review_keep_original,retain original with warning; do not silently map,keep original v59 MONDO ID for exact evaluation,do not apply relaxed mapping unless curated,MONDO OBO latest,https://github.com/monarch-initiative/mondo/releases/latest/download/mondo.obo,Obsolete/replacement status parsed from latest MONDO OBO downloaded for v2 final audit.
MONDO:0018649,obsolete cerebral visual impairment,True,,,HP:0100704; MONDO:0003584,True,NOT_FOUND,manual_review_keep_original,retain original with warning; do not silently map,keep original v59 MONDO ID for exact evaluation,do not apply relaxed mapping unless curated,MONDO OBO latest,https://github.com/monarch-initiative/mondo/releases/latest/download/mondo.obo,Obsolete/replacement status parsed from latest MONDO OBO downloaded for v2 final audit.
MONDO:0034028,obsolete symptomatic form of hemochromatosis type 1,True,,,MONDO:0021001,True,NOT_FOUND,manual_review_keep_original,retain original with warning; do not silently map,keep original v59 MONDO ID for exact evaluation,do not apply relaxed mapping unless curated,MONDO OBO latest,https://github.com/monarch-initiative/mondo/releases/latest/download/mondo.obo,Obsolete/replacement status parsed from latest MONDO OBO downloaded for v2 final audit.
MONDO:0018823,obsolete X-linked intellectual disability-global development delay-facial dysmorphism-sacral caudal remnant syndrome,True,MONDO:0010500,"intellectual disability, X-linked, syndromic 33",,True,NOT_FOUND,map_for_rag_and_relaxed_eval_keep_original_for_exact_eval,expand retrieval with replaced_by MONDO while retaining original v59 ID,keep original v59 MONDO ID for exact evaluation,count replacement hit only in separately reported relaxed evaluation,MONDO OBO latest,https://github.com/monarch-initiative/mondo/releases/latest/download/mondo.obo,Obsolete/replacement status parsed from latest MONDO OBO downloaded for v2 final audit.
MONDO:0018825,obsolete PYCR2-related microcephaly-progressive leukoencephalopathy,True,MONDO:0014632,hypomyelinating leukodystrophy 10,,True,NOT_FOUND,map_for_rag_and_relaxed_eval_keep_original_for_exact_eval,expand retrieval with replaced_by MONDO while retaining original v59 ID,keep original v59 MONDO ID for exact evaluation,count replacement hit only in separately reported relaxed evaluation,MONDO OBO latest,https://github.com/monarch-initiative/mondo/releases/latest/download/mondo.obo,Obsolete/replacement status parsed from latest MONDO OBO downloaded for v2 final audit.
MONDO:0034819,obsolete familial intestinal malrotation,True,MONDO:0008666,volvulus of midgut,,True,NOT_FOUND,map_for_rag_and_relaxed_eval_keep_original_for_exact_eval,expand retrieval with replaced_by MONDO while retaining original v59 ID,keep original v59 MONDO ID for exact evaluation,count replacement hit only in separately reported relaxed evaluation,MONDO OBO latest,https://github.com/monarch-initiative/mondo/releases/latest/download/mondo.obo,Obsolete/replacement status parsed from latest MONDO OBO downloaded for v2 final audit.
MONDO:0034024,obsolete kyphoscoliotic Ehlers-Danlos syndrome,True,,,,True,NOT_FOUND,manual_review_keep_original,retain original with warning; do not silently map,keep original v59 MONDO ID for exact evaluation,do not apply relaxed mapping unless curated,MONDO OBO latest,https://github.com/monarch-initiative/mondo/releases/latest/download/mondo.obo,Obsolete/replacement status parsed from latest MONDO OBO downloaded for v2 final audit.
MONDO:0035314,obsolete congenital tricuspid valve dysplasia,True,,,HP:0030732,True,NOT_FOUND,manual_review_keep_original,retain original with warning; do not silently map,keep original v59 MONDO ID for exact evaluation,do not apply relaxed mapping unless curated,MONDO OBO latest,https://github.com/monarch-initiative/mondo/releases/latest/download/mondo.obo,Obsolete/replacement status parsed from latest MONDO OBO downloaded for v2 final audit.
MONDO:0034217,obsolete resistance to thyroid hormone due to a mutation in thyroid hormone receptor beta,True,MONDO:0700478,resistance to thyroid hormone due to a mutation in thyroid hormone receptor beta,,True,NOT_FOUND,map_for_rag_and_relaxed_eval_keep_original_for_exact_eval,expand retrieval with replaced_by MONDO while retaining original v59 ID,keep original v59 MONDO ID for exact evaluation,count replacement hit only in separately reported relaxed evaluation,MONDO OBO latest,https://github.com/monarch-initiative/mondo/releases/latest/download/mondo.obo,Obsolete/replacement status parsed from latest MONDO OBO downloaded for v2 final audit.
MONDO:0035529,obsolete infantile-onset pulmonary alveolar proteinosis-hypogammaglobulinemia,True,MONDO:0020840,pulmonary alveolar proteinosis with hypogammaglobulinemia,,True,NOT_FOUND,map_for_rag_and_relaxed_eval_keep_original_for_exact_eval,expand retrieval with replaced_by MONDO while retaining original v59 ID,keep original v59 MONDO ID for exact evaluation,count replacement hit only in separately reported relaxed evaluation,MONDO OBO latest,https://github.com/monarch-initiative/mondo/releases/latest/download/mondo.obo,Obsolete/replacement status parsed from latest MONDO OBO downloaded for v2 final audit.
MONDO:0011961,obsolete hereditary sensory and autonomic neuropathy type 1B,True,MONDO:0044720,cerebellar ataxia with neuropathy and bilateral vestibular areflexia syndrome,,True,NOT_FOUND,map_for_rag_and_relaxed_eval_keep_original_for_exact_eval,expand retrieval with replaced_by MONDO while retaining original v59 ID,keep original v59 MONDO ID for exact evaluation,count replacement hit only in separately reported relaxed evaluation,MONDO OBO latest,https://github.com/monarch-initiative/mondo/releases/latest/download/mondo.obo,Obsolete/replacement status parsed from latest MONDO OBO downloaded for v2 final audit.
MONDO:0019123,obsolete continuous spikes and waves during sleep,True,MONDO:0800501,developmental and/or epileptic encephalopathy with spike-wave activation in sleep,,True,NOT_FOUND,map_for_rag_and_relaxed_eval_keep_original_for_exact_eval,expand retrieval with replaced_by MONDO while retaining original v59 ID,keep original v59 MONDO ID for exact evaluation,count replacement hit only in separately reported relaxed evaluation,MONDO OBO latest,https://github.com/monarch-initiative/mondo/releases/latest/download/mondo.obo,Obsolete/replacement status parsed from latest MONDO OBO downloaded for v2 final audit.
MONDO:0035661,obsolete TRAF7-associated heart defect-digital anomalies-facial dysmorphism-motor and speech delay syndrome,True,MONDO:0032572,"cardiac, facial, and digital anomalies with developmental delay",,True,NOT_FOUND,map_for_rag_and_relaxed_eval_keep_original_for_exact_eval,expand retrieval with replaced_by MONDO while retaining original v59 ID,keep original v59 MONDO ID for exact evaluation,count replacement hit only in separately reported relaxed evaluation,MONDO OBO latest,https://github.com/monarch-initiative/mondo/releases/latest/download/mondo.obo,Obsolete/replacement status parsed from latest MONDO OBO downloaded for v2 final audit.
MONDO:0019174,obsolete infantile Refsum disease,True,,,MONDO:0019609; MONDO:0100259,True,NOT_FOUND,manual_review_keep_original,retain original with warning; do not silently map,keep original v59 MONDO ID for exact evaluation,do not apply relaxed mapping unless curated,MONDO OBO latest,https://github.com/monarch-initiative/mondo/releases/latest/download/mondo.obo,Obsolete/replacement status parsed from latest MONDO OBO downloaded for v2 final audit.
MONDO:0004914,obsolete celiac artery stenosis from compression by median arcuate ligament of diaphragm,True,MONDO:0017388,celiac trunk compression syndrome,,True,NOT_FOUND,map_for_rag_and_relaxed_eval_keep_original_for_exact_eval,expand retrieval with replaced_by MONDO while retaining original v59 ID,keep original v59 MONDO ID for exact evaluation,count replacement hit only in separately reported relaxed evaluation,MONDO OBO latest,https://github.com/monarch-initiative/mondo/releases/latest/download/mondo.obo,Obsolete/replacement status parsed from latest MONDO OBO downloaded for v2 final audit.
MONDO:0007347,obsolete Coxsackievirus B3 susceptibility,True,,,,True,NOT_FOUND,manual_review_keep_original,retain original with warning; do not silently map,keep original v59 MONDO ID for exact evaluation,do not apply relaxed mapping unless curated,MONDO OBO latest,https://github.com/monarch-initiative/mondo/releases/latest/download/mondo.obo,Obsolete/replacement status parsed from latest MONDO OBO downloaded for v2 final audit.
MONDO:0007386,obsolete human coronavirus sensitivity,True,,,,True,NOT_FOUND,manual_review_keep_original,retain original with warning; do not silently map,keep original v59 MONDO ID for exact evaluation,do not apply relaxed mapping unless curated,MONDO OBO latest,https://github.com/monarch-initiative/mondo/releases/latest/download/mondo.obo,Obsolete/replacement status parsed from latest MONDO OBO downloaded for v2 final audit.
MONDO:0007464,obsolete isolated distichiasis,True,,,HP:0009743,True,NOT_FOUND,manual_review_keep_original,retain original with warning; do not silently map,keep original v59 MONDO ID for exact evaluation,do not apply relaxed mapping unless curated,MONDO OBO latest,https://github.com/monarch-initiative/mondo/releases/latest/download/mondo.obo,Obsolete/replacement status parsed from latest MONDO OBO downloaded for v2 final audit.
MONDO:0007505,"obsolete earring holes, natural",True,,,HP:0004467,True,NOT_FOUND,manual_review_keep_original,retain original with warning; do not silently map,keep original v59 MONDO ID for exact evaluation,do not apply relaxed mapping unless curated,MONDO OBO latest,https://github.com/monarch-initiative/mondo/releases/latest/download/mondo.obo,Obsolete/replacement status parsed from latest MONDO OBO downloaded for v2 final audit.
MONDO:0007506,obsoleted echo virus 11 sensitivity,True,,,MONDO:0005740,True,NOT_FOUND,manual_review_keep_original,retain original with warning; do not silently map,keep original v59 MONDO ID for exact evaluation,do not apply relaxed mapping unless curated,MONDO OBO latest,https://github.com/monarch-initiative/mondo/releases/latest/download/mondo.obo,Obsolete/replacement status parsed from latest MONDO OBO downloaded for v2 final audit.
MONDO:0007532,obsolete Electroencephalographic peculiarity: occipital slow beta waves,True,,,,True,NOT_FOUND,manual_review_keep_original,retain original with warning; do not silently map,keep original v59 MONDO ID for exact evaluation,do not apply relaxed mapping unless curated,MONDO OBO latest,https://github.com/monarch-initiative/mondo/releases/latest/download/mondo.obo,Obsolete/replacement status parsed from latest MONDO OBO downloaded for v2 final audit.
MONDO:0007583,obsolete exostoses of heel,True,,,HP:0100777,True,NOT_FOUND,manual_review_keep_original,retain original with warning; do not silently map,keep original v59 MONDO ID for exact evaluation,do not apply relaxed mapping unless curated,MONDO OBO latest,https://github.com/monarch-initiative/mondo/releases/latest/download/mondo.obo,Obsolete/replacement status parsed from latest MONDO OBO downloaded for v2 final audit.
MONDO:0007591,obsolete facial hypertrichosis,True,,,HP:0002219,True,NOT_FOUND,manual_review_keep_original,retain original with warning; do not silently map,keep original v59 MONDO ID for exact evaluation,do not apply relaxed mapping unless curated,MONDO OBO latest,https://github.com/monarch-initiative/mondo/releases/latest/download/mondo.obo,Obsolete/replacement status parsed from latest MONDO OBO downloaded for v2 final audit.
MONDO:0007632,"obsolete fragile site, Distamycin a type, rare, fra(16)(q22.1)",True,MONDO:0002399,"tenosynovial giant cell tumor, localized type",,True,NOT_FOUND,map_for_rag_and_relaxed_eval_keep_original_for_exact_eval,expand retrieval with replaced_by MONDO while retaining original v59 ID,keep original v59 MONDO ID for exact evaluation,count replacement hit only in separately reported relaxed evaluation,MONDO OBO latest,https://github.com/monarch-initiative/mondo/releases/latest/download/mondo.obo,Obsolete/replacement status parsed from latest MONDO OBO downloaded for v2 final audit.
MONDO:0007641,obsolete Futcher line,True,,,,True,NOT_FOUND,manual_review_keep_original,retain original with warning; do not silently map,keep original v59 MONDO ID for exact evaluation,do not apply relaxed mapping unless curated,MONDO OBO latest,https://github.com/monarch-initiative/mondo/releases/latest/download/mondo.obo,Obsolete/replacement status parsed from latest MONDO OBO downloaded for v2 final audit.
MONDO:0007645,obsolete gastric sneezing,True,,,,True,NOT_FOUND,manual_review_keep_original,retain original with warning; do not silently map,keep original v59 MONDO ID for exact evaluation,do not apply relaxed mapping unless curated,MONDO OBO latest,https://github.com/monarch-initiative/mondo/releases/latest/download/mondo.obo,Obsolete/replacement status parsed from latest MONDO OBO downloaded for v2 final audit.
MONDO:0007692,obsolete hairy ears,True,,,,True,NOT_FOUND,manual_review_keep_original,retain original with warning; do not silently map,keep original v59 MONDO ID for exact evaluation,do not apply relaxed mapping unless curated,MONDO OBO latest,https://github.com/monarch-initiative/mondo/releases/latest/download/mondo.obo,Obsolete/replacement status parsed from latest MONDO OBO downloaded for v2 final audit.
MONDO:0007778,obsolete hypertelorism,True,,,HP:0000316,True,NOT_FOUND,manual_review_keep_original,retain original with warning; do not silently map,keep original v59 MONDO ID for exact evaluation,do not apply relaxed mapping unless curated,MONDO OBO latest,https://github.com/monarch-initiative/mondo/releases/latest/download/mondo.obo,Obsolete/replacement status parsed from latest MONDO OBO downloaded for v2 final audit.
MONDO:0007798,obsolete adult hypophosphatasia,True,MONDO:1010154,adult hypophosphatasia,,True,NOT_FOUND,map_for_rag_and_relaxed_eval_keep_original_for_exact_eval,expand retrieval with replaced_by MONDO while retaining original v59 ID,keep original v59 MONDO ID for exact evaluation,count replacement hit only in separately reported relaxed evaluation,MONDO OBO latest,https://github.com/monarch-initiative/mondo/releases/latest/download/mondo.obo,Obsolete/replacement status parsed from latest MONDO OBO downloaded for v2 final audit.
MONDO:0007816,obsolete immune suppression,True,,,,True,NOT_FOUND,manual_review_keep_original,retain original with warning; do not silently map,keep original v59 MONDO ID for exact evaluation,do not apply relaxed mapping unless curated,MONDO OBO latest,https://github.com/monarch-initiative/mondo/releases/latest/download/mondo.obo,Obsolete/replacement status parsed from latest MONDO OBO downloaded for v2 final audit.
MONDO:0007822,"obsolete incisors, long upper central",True,,,HP:0000675,True,NOT_FOUND,manual_review_keep_original,retain original with warning; do not silently map,keep original v59 MONDO ID for exact evaluation,do not apply relaxed mapping unless curated,MONDO OBO latest,https://github.com/monarch-initiative/mondo/releases/latest/download/mondo.obo,Obsolete/replacement status parsed from latest MONDO OBO downloaded for v2 final audit.
MONDO:0008068,"obsolete navicular bone, accessory",True,,,,True,NOT_FOUND,manual_review_keep_original,retain original with warning; do not silently map,keep original v59 MONDO ID for exact evaluation,do not apply relaxed mapping unless curated,MONDO OBO latest,https://github.com/monarch-initiative/mondo/releases/latest/download/mondo.obo,Obsolete/replacement status parsed from latest MONDO OBO downloaded for v2 final audit.
MONDO:0008351,"obsolete pupil, egg-shaped",True,,,,True,NOT_FOUND,manual_review_keep_original,retain original with warning; do not silently map,keep original v59 MONDO ID for exact evaluation,do not apply relaxed mapping unless curated,MONDO OBO latest,https://github.com/monarch-initiative/mondo/releases/latest/download/mondo.obo,Obsolete/replacement status parsed from latest MONDO OBO downloaded for v2 final audit.
MONDO:0008405,"obsolete scapula, contour of vertebral border of",True,,,,True,NOT_FOUND,manual_review_keep_original,retain original with warning; do not silently map,keep original v59 MONDO ID for exact evaluation,do not apply relaxed mapping unless curated,MONDO OBO latest,https://github.com/monarch-initiative/mondo/releases/latest/download/mondo.obo,Obsolete/replacement status parsed from latest MONDO OBO downloaded for v2 final audit.
MONDO:0008597,"obsolete trichorhinophalangeal syndrome, type III",True,,,MONDO:0008596,True,NOT_FOUND,manual_review_keep_original,retain original with warning; do not silently map,keep original v59 MONDO ID for exact evaluation,do not apply relaxed mapping unless curated,MONDO OBO latest,https://github.com/monarch-initiative/mondo/releases/latest/download/mondo.obo,Obsolete/replacement status parsed from latest MONDO OBO downloaded for v2 final audit.
MONDO:0008625,"obsolete urate-binding globulin, decrease 1N",True,,,,True,NOT_FOUND,manual_review_keep_original,retain original with warning; do not silently map,keep original v59 MONDO ID for exact evaluation,do not apply relaxed mapping unless curated,MONDO OBO latest,https://github.com/monarch-initiative/mondo/releases/latest/download/mondo.obo,Obsolete/replacement status parsed from latest MONDO OBO downloaded for v2 final audit.
MONDO:0008697,obsolete acetophenetidin sensitivity,True,,,,True,NOT_FOUND,manual_review_keep_original,retain original with warning; do not silently map,keep original v59 MONDO ID for exact evaluation,do not apply relaxed mapping unless curated,MONDO OBO latest,https://github.com/monarch-initiative/mondo/releases/latest/download/mondo.obo,Obsolete/replacement status parsed from latest MONDO OBO downloaded for v2 final audit.
MONDO:0008761,obsolete alpha-2-deficient collagen disease,True,,,,True,NOT_FOUND,manual_review_keep_original,retain original with warning; do not silently map,keep original v59 MONDO ID for exact evaluation,do not apply relaxed mapping unless curated,MONDO OBO latest,https://github.com/monarch-initiative/mondo/releases/latest/download/mondo.obo,Obsolete/replacement status parsed from latest MONDO OBO downloaded for v2 final audit.
MONDO:0008807,"obsolete apnea, central sleep",True,,,MONDO:0004731,True,NOT_FOUND,manual_review_keep_original,retain original with warning; do not silently map,keep original v59 MONDO ID for exact evaluation,do not apply relaxed mapping unless curated,MONDO OBO latest,https://github.com/monarch-initiative/mondo/releases/latest/download/mondo.obo,Obsolete/replacement status parsed from latest MONDO OBO downloaded for v2 final audit.
MONDO:0008906,obsolete carbimazole sensitivity,True,,,,True,NOT_FOUND,manual_review_keep_original,retain original with warning; do not silently map,keep original v59 MONDO ID for exact evaluation,do not apply relaxed mapping unless curated,MONDO OBO latest,https://github.com/monarch-initiative/mondo/releases/latest/download/mondo.obo,Obsolete/replacement status parsed from latest MONDO OBO downloaded for v2 final audit.
MONDO:0009117,"obsolete disorganization, mouse, homolog of",True,,,,True,NOT_FOUND,manual_review_keep_original,retain original with warning; do not silently map,keep original v59 MONDO ID for exact evaluation,do not apply relaxed mapping unless curated,MONDO OBO latest,https://github.com/monarch-initiative/mondo/releases/latest/download/mondo.obo,Obsolete/replacement status parsed from latest MONDO OBO downloaded for v2 final audit.
MONDO:0009125,"obsolete dopamine beta-hydroxylase, plasma, thermolability of",True,,,,True,NOT_FOUND,manual_review_keep_original,retain original with warning; do not silently map,keep original v59 MONDO ID for exact evaluation,do not apply relaxed mapping unless curated,MONDO OBO latest,https://github.com/monarch-initiative/mondo/releases/latest/download/mondo.obo,Obsolete/replacement status parsed from latest MONDO OBO downloaded for v2 final audit.
MONDO:0009317,obsolete nonphotosensitive trichothiodystrophy,True,,,MONDO:0018053,True,NOT_FOUND,manual_review_keep_original,retain original with warning; do not silently map,keep original v59 MONDO ID for exact evaluation,do not apply relaxed mapping unless curated,MONDO OBO latest,https://github.com/monarch-initiative/mondo/releases/latest/download/mondo.obo,Obsolete/replacement status parsed from latest MONDO OBO downloaded for v2 final audit.
MONDO:0009427,obsolete infantile hypophosphatasia,True,MONDO:1010169,infantile hypophosphatasia,,True,NOT_FOUND,map_for_rag_and_relaxed_eval_keep_original_for_exact_eval,expand retrieval with replaced_by MONDO while retaining original v59 ID,keep original v59 MONDO ID for exact evaluation,count replacement hit only in separately reported relaxed evaluation,MONDO OBO latest,https://github.com/monarch-initiative/mondo/releases/latest/download/mondo.obo,Obsolete/replacement status parsed from latest MONDO OBO downloaded for v2 final audit.
MONDO:0009428,obsolete childhood hypophosphatasia,True,MONDO:1010168,childhood hypophosphatasia,,True,NOT_FOUND,map_for_rag_and_relaxed_eval_keep_original_for_exact_eval,expand retrieval with replaced_by MONDO while retaining original v59 ID,keep original v59 MONDO ID for exact evaluation,count replacement hit only in separately reported relaxed evaluation,MONDO OBO latest,https://github.com/monarch-initiative/mondo/releases/latest/download/mondo.obo,Obsolete/replacement status parsed from latest MONDO OBO downloaded for v2 final audit.
MONDO:0009753,obsolete neurovisceral storage disease with Curvilinear bodies,True,,,,True,NOT_FOUND,manual_review_keep_original,retain original with warning; do not silently map,keep original v59 MONDO ID for exact evaluation,do not apply relaxed mapping unless curated,MONDO OBO latest,https://github.com/monarch-initiative/mondo/releases/latest/download/mondo.obo,Obsolete/replacement status parsed from latest MONDO OBO downloaded for v2 final audit.
MONDO:0009826,obsolete PA polymorphism of alpha-2-globulin,True,,,,True,NOT_FOUND,manual_review_keep_original,retain original with warning; do not silently map,keep original v59 MONDO ID for exact evaluation,do not apply relaxed mapping unless curated,MONDO OBO latest,https://github.com/monarch-initiative/mondo/releases/latest/download/mondo.obo,Obsolete/replacement status parsed from latest MONDO OBO downloaded for v2 final audit.
MONDO:0009829,"obsolete pallidal degeneration, progressive, with retinitis pigmentosa",True,,,HP:0007132,True,NOT_FOUND,manual_review_keep_original,retain original with warning; do not silently map,keep original v59 MONDO ID for exact evaluation,do not apply relaxed mapping unless curated,MONDO OBO latest,https://github.com/monarch-initiative/mondo/releases/latest/download/mondo.obo,Obsolete/replacement status parsed from latest MONDO OBO downloaded for v2 final audit.
MONDO:0009941,obsolete Pygmy,True,,,,True,NOT_FOUND,manual_review_keep_original,retain original with warning; do not silently map,keep original v59 MONDO ID for exact evaluation,do not apply relaxed mapping unless curated,MONDO OBO latest,https://github.com/monarch-initiative/mondo/releases/latest/download/mondo.obo,Obsolete/replacement status parsed from latest MONDO OBO downloaded for v2 final audit.
MONDO:0010034,obsolete anosmia for butyl mercaptan,True,,,HP:0000458,True,NOT_FOUND,manual_review_keep_original,retain original with warning; do not silently map,keep original v59 MONDO ID for exact evaluation,do not apply relaxed mapping unless curated,MONDO OBO latest,https://github.com/monarch-initiative/mondo/releases/latest/download/mondo.obo,Obsolete/replacement status parsed from latest MONDO OBO downloaded for v2 final audit.
MONDO:0010086,obsolete sudden infant death syndrome,True,,,,True,NOT_FOUND,manual_review_keep_original,retain original with warning; do not silently map,keep original v59 MONDO ID for exact evaluation,do not apply relaxed mapping unless curated,MONDO OBO latest,https://github.com/monarch-initiative/mondo/releases/latest/download/mondo.obo,Obsolete/replacement status parsed from latest MONDO OBO downloaded for v2 final audit.
MONDO:0010113,obsolete thalidomide susceptibility,True,,,,True,NOT_FOUND,manual_review_keep_original,retain original with warning; do not silently map,keep original v59 MONDO ID for exact evaluation,do not apply relaxed mapping unless curated,MONDO OBO latest,https://github.com/monarch-initiative/mondo/releases/latest/download/mondo.obo,Obsolete/replacement status parsed from latest MONDO OBO downloaded for v2 final audit.
MONDO:0010123,obsolete absent thumb-short stature-immunodeficiency syndrome,True,,,,True,NOT_FOUND,manual_review_keep_original,retain original with warning; do not silently map,keep original v59 MONDO ID for exact evaluation,do not apply relaxed mapping unless curated,MONDO OBO latest,https://github.com/monarch-initiative/mondo/releases/latest/download/mondo.obo,Obsolete/replacement status parsed from latest MONDO OBO downloaded for v2 final audit.
MONDO:0010330,obsolete primary ciliary dyskinesia-retinitis pigmentosa syndrome,True,,,,True,NOT_FOUND,manual_review_keep_original,retain original with warning; do not silently map,keep original v59 MONDO ID for exact evaluation,do not apply relaxed mapping unless curated,MONDO OBO latest,https://github.com/monarch-initiative/mondo/releases/latest/download/mondo.obo,Obsolete/replacement status parsed from latest MONDO OBO downloaded for v2 final audit.
MONDO:0010594,obsolete inherited genitourinary tract anomalies,True,,,,True,NOT_FOUND,manual_review_keep_original,retain original with warning; do not silently map,keep original v59 MONDO ID for exact evaluation,do not apply relaxed mapping unless curated,MONDO OBO latest,https://github.com/monarch-initiative/mondo/releases/latest/download/mondo.obo,Obsolete/replacement status parsed from latest MONDO OBO downloaded for v2 final audit.
MONDO:0010994,"obsolete micromelic dwarfism, Fryns type",True,,,,True,NOT_FOUND,manual_review_keep_original,retain original with warning; do not silently map,keep original v59 MONDO ID for exact evaluation,do not apply relaxed mapping unless curated,MONDO OBO latest,https://github.com/monarch-initiative/mondo/releases/latest/download/mondo.obo,Obsolete/replacement status parsed from latest MONDO OBO downloaded for v2 final audit.
MONDO:0011204,obsolete cerebellar degeneration-related autoantigen 3,True,,,,True,NOT_FOUND,manual_review_keep_original,retain original with warning; do not silently map,keep original v59 MONDO ID for exact evaluation,do not apply relaxed mapping unless curated,MONDO OBO latest,https://github.com/monarch-initiative/mondo/releases/latest/download/mondo.obo,Obsolete/replacement status parsed from latest MONDO OBO downloaded for v2 final audit.
MONDO:0011311,"obsolete glaucoma 1, open angle, F",True,,,,True,NOT_FOUND,manual_review_keep_original,retain original with warning; do not silently map,keep original v59 MONDO ID for exact evaluation,do not apply relaxed mapping unless curated,MONDO OBO latest,https://github.com/monarch-initiative/mondo/releases/latest/download/mondo.obo,Obsolete/replacement status parsed from latest MONDO OBO downloaded for v2 final audit.
MONDO:0011378,obsolete CFM1,True,,,,True,NOT_FOUND,manual_review_keep_original,retain original with warning; do not silently map,keep original v59 MONDO ID for exact evaluation,do not apply relaxed mapping unless curated,MONDO OBO latest,https://github.com/monarch-initiative/mondo/releases/latest/download/mondo.obo,Obsolete/replacement status parsed from latest MONDO OBO downloaded for v2 final audit.
MONDO:0011750,obsolete insulinoma tumor suppressor gene locus,True,,,,True,NOT_FOUND,manual_review_keep_original,retain original with warning; do not silently map,keep original v59 MONDO ID for exact evaluation,do not apply relaxed mapping unless curated,MONDO OBO latest,https://github.com/monarch-initiative/mondo/releases/latest/download/mondo.obo,Obsolete/replacement status parsed from latest MONDO OBO downloaded for v2 final audit.
MONDO:0012148,"obsolete drug metabolism, poor, CYP2D6-related",True,,,,True,NOT_FOUND,manual_review_keep_original,retain original with warning; do not silently map,keep original v59 MONDO ID for exact evaluation,do not apply relaxed mapping unless curated,MONDO OBO latest,https://github.com/monarch-initiative/mondo/releases/latest/download/mondo.obo,Obsolete/replacement status parsed from latest MONDO OBO downloaded for v2 final audit.
MONDO:0012357,"obsolete glaucoma 1, open angle, G",True,,,,True,NOT_FOUND,manual_review_keep_original,retain original with warning; do not silently map,keep original v59 MONDO ID for exact evaluation,do not apply relaxed mapping unless curated,MONDO OBO latest,https://github.com/monarch-initiative/mondo/releases/latest/download/mondo.obo,Obsolete/replacement status parsed from latest MONDO OBO downloaded for v2 final audit.
MONDO:0021690,obsolete congenital left ventricular aneurysm,True,,,,True,NOT_FOUND,manual_review_keep_original,retain original with warning; do not silently map,keep original v59 MONDO ID for exact evaluation,do not apply relaxed mapping unless curated,MONDO OBO latest,https://github.com/monarch-initiative/mondo/releases/latest/download/mondo.obo,Obsolete/replacement status parsed from latest MONDO OBO downloaded for v2 final audit.
MONDO:0012646,"obsolete glaucoma 1, open angle, H",True,,,,True,NOT_FOUND,manual_review_keep_original,retain original with warning; do not silently map,keep original v59 MONDO ID for exact evaluation,do not apply relaxed mapping unless curated,MONDO OBO latest,https://github.com/monarch-initiative/mondo/releases/latest/download/mondo.obo,Obsolete/replacement status parsed from latest MONDO OBO downloaded for v2 final audit.
MONDO:0013742,obsolete familial mesial temporal lobe epilepsy with febrile seizures,True,,,,True,NOT_FOUND,manual_review_keep_original,retain original with warning; do not silently map,keep original v59 MONDO ID for exact evaluation,do not apply relaxed mapping unless curated,MONDO OBO latest,https://github.com/monarch-initiative/mondo/releases/latest/download/mondo.obo,Obsolete/replacement status parsed from latest MONDO OBO downloaded for v2 final audit.
MONDO:0014424,obsolete congenital deficiency in alpha-fetoprotein,True,,,,True,NOT_FOUND,manual_review_keep_original,retain original with warning; do not silently map,keep original v59 MONDO ID for exact evaluation,do not apply relaxed mapping unless curated,MONDO OBO latest,https://github.com/monarch-initiative/mondo/releases/latest/download/mondo.obo,Obsolete/replacement status parsed from latest MONDO OBO downloaded for v2 final audit.
MONDO:0014425,obsolete hereditary persistence of alpha-fetoprotein,True,,,,True,NOT_FOUND,manual_review_keep_original,retain original with warning; do not silently map,keep original v59 MONDO ID for exact evaluation,do not apply relaxed mapping unless curated,MONDO OBO latest,https://github.com/monarch-initiative/mondo/releases/latest/download/mondo.obo,Obsolete/replacement status parsed from latest MONDO OBO downloaded for v2 final audit.
MONDO:0014709,obsolete Heimler syndrome 2,True,,,MONDO:0100263,True,NOT_FOUND,manual_review_keep_original,retain original with warning; do not silently map,keep original v59 MONDO ID for exact evaluation,do not apply relaxed mapping unless curated,MONDO OBO latest,https://github.com/monarch-initiative/mondo/releases/latest/download/mondo.obo,Obsolete/replacement status parsed from latest MONDO OBO downloaded for v2 final audit.
MONDO:0014753,obsolete autosomal recessive optic atrophy,True,,,,True,NOT_FOUND,manual_review_keep_original,retain original with warning; do not silently map,keep original v59 MONDO ID for exact evaluation,do not apply relaxed mapping unless curated,MONDO OBO latest,https://github.com/monarch-initiative/mondo/releases/latest/download/mondo.obo,Obsolete/replacement status parsed from latest MONDO OBO downloaded for v2 final audit.
MONDO:0014783,obsolete preimplantation embryonic lethality 1,True,,,HP:0032479,True,NOT_FOUND,manual_review_keep_original,retain original with warning; do not silently map,keep original v59 MONDO ID for exact evaluation,do not apply relaxed mapping unless curated,MONDO OBO latest,https://github.com/monarch-initiative/mondo/releases/latest/download/mondo.obo,Obsolete/replacement status parsed from latest MONDO OBO downloaded for v2 final audit.
MONDO:0014978,obsolete preimplantation embryonic lethality 2,True,MONDO:1010200,oocyte/zygote/embryo maturation arrest 16,,True,NOT_FOUND,map_for_rag_and_relaxed_eval_keep_original_for_exact_eval,expand retrieval with replaced_by MONDO while retaining original v59 ID,keep original v59 MONDO ID for exact evaluation,count replacement hit only in separately reported relaxed evaluation,MONDO OBO latest,https://github.com/monarch-initiative/mondo/releases/latest/download/mondo.obo,Obsolete/replacement status parsed from latest MONDO OBO downloaded for v2 final audit.
MONDO:0015385,obsolete external auditory canal aplasia/hypoplasia,True,,,,True,NOT_FOUND,manual_review_keep_original,retain original with warning; do not silently map,keep original v59 MONDO ID for exact evaluation,do not apply relaxed mapping unless curated,MONDO OBO latest,https://github.com/monarch-initiative/mondo/releases/latest/download/mondo.obo,Obsolete/replacement status parsed from latest MONDO OBO downloaded for v2 final audit.
MONDO:0015586,obsolete benign familial mesial temporal lobe epilepsy,True,,,MONDO:0800493,True,NOT_FOUND,manual_review_keep_original,retain original with warning; do not silently map,keep original v59 MONDO ID for exact evaluation,do not apply relaxed mapping unless curated,MONDO OBO latest,https://github.com/monarch-initiative/mondo/releases/latest/download/mondo.obo,Obsolete/replacement status parsed from latest MONDO OBO downloaded for v2 final audit.
MONDO:0015679,obsolete autosomal thrombocytopenia with normal platelets,True,,,,True,NOT_FOUND,manual_review_keep_original,retain original with warning; do not silently map,keep original v59 MONDO ID for exact evaluation,do not apply relaxed mapping unless curated,MONDO OBO latest,https://github.com/monarch-initiative/mondo/releases/latest/download/mondo.obo,Obsolete/replacement status parsed from latest MONDO OBO downloaded for v2 final audit.
MONDO:0016536,obsolete autosomal recessive lymphoproliferative disease,True,,,MONDO:0014054,True,NOT_FOUND,manual_review_keep_original,retain original with warning; do not silently map,keep original v59 MONDO ID for exact evaluation,do not apply relaxed mapping unless curated,MONDO OBO latest,https://github.com/monarch-initiative/mondo/releases/latest/download/mondo.obo,Obsolete/replacement status parsed from latest MONDO OBO downloaded for v2 final audit.
MONDO:0016579,obsolete dominant hypophosphatemia with nephrolithiasis or osteoporosis,True,,,,True,NOT_FOUND,manual_review_keep_original,retain original with warning; do not silently map,keep original v59 MONDO ID for exact evaluation,do not apply relaxed mapping unless curated,MONDO OBO latest,https://github.com/monarch-initiative/mondo/releases/latest/download/mondo.obo,Obsolete/replacement status parsed from latest MONDO OBO downloaded for v2 final audit.
MONDO:0016589,obsolete progressive cerebello-cerebral atrophy,True,,,,True,NOT_FOUND,manual_review_keep_original,retain original with warning; do not silently map,keep original v59 MONDO ID for exact evaluation,do not apply relaxed mapping unless curated,MONDO OBO latest,https://github.com/monarch-initiative/mondo/releases/latest/download/mondo.obo,Obsolete/replacement status parsed from latest MONDO OBO downloaded for v2 final audit.
MONDO:0016599,obsolete autosomal dominant secondary polycythemia,True,,,,True,NOT_FOUND,manual_review_keep_original,retain original with warning; do not silently map,keep original v59 MONDO ID for exact evaluation,do not apply relaxed mapping unless curated,MONDO OBO latest,https://github.com/monarch-initiative/mondo/releases/latest/download/mondo.obo,Obsolete/replacement status parsed from latest MONDO OBO downloaded for v2 final audit.
MONDO:0017057,obsolete hereditary thrombocytopenia with normal platelets,True,,,,True,NOT_FOUND,manual_review_keep_original,retain original with warning; do not silently map,keep original v59 MONDO ID for exact evaluation,do not apply relaxed mapping unless curated,MONDO OBO latest,https://github.com/monarch-initiative/mondo/releases/latest/download/mondo.obo,Obsolete/replacement status parsed from latest MONDO OBO downloaded for v2 final audit.
MONDO:0017173,obsolete non-syndromic male infertility due to sperm motility disorder,True,,,,True,NOT_FOUND,manual_review_keep_original,retain original with warning; do not silently map,keep original v59 MONDO ID for exact evaluation,do not apply relaxed mapping unless curated,MONDO OBO latest,https://github.com/monarch-initiative/mondo/releases/latest/download/mondo.obo,Obsolete/replacement status parsed from latest MONDO OBO downloaded for v2 final audit.
MONDO:0018104,obsolete Torg-Winchester syndrome,True,,,MONDO:0010201,True,NOT_FOUND,manual_review_keep_original,retain original with warning; do not silently map,keep original v59 MONDO ID for exact evaluation,do not apply relaxed mapping unless curated,MONDO OBO latest,https://github.com/monarch-initiative/mondo/releases/latest/download/mondo.obo,Obsolete/replacement status parsed from latest MONDO OBO downloaded for v2 final audit.
MONDO:0018340,obsolete hereditary isolated aplastic anemia,True,,,MONDO:0001713,True,NOT_FOUND,manual_review_keep_original,retain original with warning; do not silently map,keep original v59 MONDO ID for exact evaluation,do not apply relaxed mapping unless curated,MONDO OBO latest,https://github.com/monarch-initiative/mondo/releases/latest/download/mondo.obo,Obsolete/replacement status parsed from latest MONDO OBO downloaded for v2 final audit.
MONDO:0018651,obsolete lipoyl transferase 2 deficiency,True,MONDO:0060562,"encephalopathy, neonatal severe, with lactic acidosis and brain abnormalities",,True,NOT_FOUND,map_for_rag_and_relaxed_eval_keep_original_for_exact_eval,expand retrieval with replaced_by MONDO while retaining original v59 ID,keep original v59 MONDO ID for exact evaluation,count replacement hit only in separately reported relaxed evaluation,MONDO OBO latest,https://github.com/monarch-initiative/mondo/releases/latest/download/mondo.obo,Obsolete/replacement status parsed from latest MONDO OBO downloaded for v2 final audit.
MONDO:0018758,obsolete familial patent arterial duct,True,MONDO:0011827,patent ductus arteriosus,,True,NOT_FOUND,map_for_rag_and_relaxed_eval_keep_original_for_exact_eval,expand retrieval with replaced_by MONDO while retaining original v59 ID,keep original v59 MONDO ID for exact evaluation,count replacement hit only in separately reported relaxed evaluation,MONDO OBO latest,https://github.com/monarch-initiative/mondo/releases/latest/download/mondo.obo,Obsolete/replacement status parsed from latest MONDO OBO downloaded for v2 final audit.
MONDO:0018916,obsolete isolated anorectal malformation,True,,,,True,NOT_FOUND,manual_review_keep_original,retain original with warning; do not silently map,keep original v59 MONDO ID for exact evaluation,do not apply relaxed mapping unless curated,MONDO OBO latest,https://github.com/monarch-initiative/mondo/releases/latest/download/mondo.obo,Obsolete/replacement status parsed from latest MONDO OBO downloaded for v2 final audit.
MONDO:0020207,obsolete rare isolated myopia,True,,,MONDO:0001384,True,NOT_FOUND,manual_review_keep_original,retain original with warning; do not silently map,keep original v59 MONDO ID for exact evaluation,do not apply relaxed mapping unless curated,MONDO OBO latest,https://github.com/monarch-initiative/mondo/releases/latest/download/mondo.obo,Obsolete/replacement status parsed from latest MONDO OBO downloaded for v2 final audit.
MONDO:0020375,obsolete coralliform cataract,True,MONDO:0007282,cataract 29,,True,NOT_FOUND,map_for_rag_and_relaxed_eval_keep_original_for_exact_eval,expand retrieval with replaced_by MONDO while retaining original v59 ID,keep original v59 MONDO ID for exact evaluation,count replacement hit only in separately reported relaxed evaluation,MONDO OBO latest,https://github.com/monarch-initiative/mondo/releases/latest/download/mondo.obo,Obsolete/replacement status parsed from latest MONDO OBO downloaded for v2 final audit.
MONDO:0020671,obsolete susceptibility to ischemic stroke,True,,,HP:0002140,True,NOT_FOUND,manual_review_keep_original,retain original with warning; do not silently map,keep original v59 MONDO ID for exact evaluation,do not apply relaxed mapping unless curated,MONDO OBO latest,https://github.com/monarch-initiative/mondo/releases/latest/download/mondo.obo,Obsolete/replacement status parsed from latest MONDO OBO downloaded for v2 final audit.
MONDO:0020786,"obsolete short sleep, familial natural, 2",True,,,,True,NOT_FOUND,manual_review_keep_original,retain original with warning; do not silently map,keep original v59 MONDO ID for exact evaluation,do not apply relaxed mapping unless curated,MONDO OBO latest,https://github.com/monarch-initiative/mondo/releases/latest/download/mondo.obo,Obsolete/replacement status parsed from latest MONDO OBO downloaded for v2 final audit.
MONDO:0029051,obsolete autosomal recessive nail dysplasia,True,,,HP:0002164,True,NOT_FOUND,manual_review_keep_original,retain original with warning; do not silently map,keep original v59 MONDO ID for exact evaluation,do not apply relaxed mapping unless curated,MONDO OBO latest,https://github.com/monarch-initiative/mondo/releases/latest/download/mondo.obo,Obsolete/replacement status parsed from latest MONDO OBO downloaded for v2 final audit.
MONDO:0035122,"obsolete GRIN2B-related developmental delay, intellectual disability and autism spectrum disorder",True,MONDO:0013509,"intellectual disability, autosomal dominant 6",,True,NOT_FOUND,map_for_rag_and_relaxed_eval_keep_original_for_exact_eval,expand retrieval with replaced_by MONDO while retaining original v59 ID,keep original v59 MONDO ID for exact evaluation,count replacement hit only in separately reported relaxed evaluation,MONDO OBO latest,https://github.com/monarch-initiative/mondo/releases/latest/download/mondo.obo,Obsolete/replacement status parsed from latest MONDO OBO downloaded for v2 final audit.
MONDO:0035774,obsolete NRXN1-related severe neurodevelopmental disorder-motor stereotypies-chronic constipation-sleep-wake cycle disturbance,True,MONDO:0013690,Pitt-Hopkins-like syndrome 2,,True,NOT_FOUND,map_for_rag_and_relaxed_eval_keep_original_for_exact_eval,expand retrieval with replaced_by MONDO while retaining original v59 ID,keep original v59 MONDO ID for exact evaluation,count replacement hit only in separately reported relaxed evaluation,MONDO OBO latest,https://github.com/monarch-initiative/mondo/releases/latest/download/mondo.obo,Obsolete/replacement status parsed from latest MONDO OBO downloaded for v2 final audit.
MONDO:0044214,"obsolete androstenone, ability to smell",True,,,,True,NOT_FOUND,manual_review_keep_original,retain original with warning; do not silently map,keep original v59 MONDO ID for exact evaluation,do not apply relaxed mapping unless curated,MONDO OBO latest,https://github.com/monarch-initiative/mondo/releases/latest/download/mondo.obo,Obsolete/replacement status parsed from latest MONDO OBO downloaded for v2 final audit.
MONDO:0044216,"obsolete artichoke, modification of taste by",True,,,,True,NOT_FOUND,manual_review_keep_original,retain original with warning; do not silently map,keep original v59 MONDO ID for exact evaluation,do not apply relaxed mapping unless curated,MONDO OBO latest,https://github.com/monarch-initiative/mondo/releases/latest/download/mondo.obo,Obsolete/replacement status parsed from latest MONDO OBO downloaded for v2 final audit.
MONDO:0044217,"obsolete asparagus, specific smell hypersensitivity",True,,,,True,NOT_FOUND,manual_review_keep_original,retain original with warning; do not silently map,keep original v59 MONDO ID for exact evaluation,do not apply relaxed mapping unless curated,MONDO OBO latest,https://github.com/monarch-initiative/mondo/releases/latest/download/mondo.obo,Obsolete/replacement status parsed from latest MONDO OBO downloaded for v2 final audit.
MONDO:0044221,obsolete blood group--lutheran inhibitor,True,,,,True,NOT_FOUND,manual_review_keep_original,retain original with warning; do not silently map,keep original v59 MONDO ID for exact evaluation,do not apply relaxed mapping unless curated,MONDO OBO latest,https://github.com/monarch-initiative/mondo/releases/latest/download/mondo.obo,Obsolete/replacement status parsed from latest MONDO OBO downloaded for v2 final audit.
MONDO:0044222,"obsolete blood group, p1pk system",True,,,,True,NOT_FOUND,manual_review_keep_original,retain original with warning; do not silently map,keep original v59 MONDO ID for exact evaluation,do not apply relaxed mapping unless curated,MONDO OBO latest,https://github.com/monarch-initiative/mondo/releases/latest/download/mondo.obo,Obsolete/replacement status parsed from latest MONDO OBO downloaded for v2 final audit.
MONDO:0044223,obsolete radin blood group antigen,True,,,,True,NOT_FOUND,manual_review_keep_original,retain original with warning; do not silently map,keep original v59 MONDO ID for exact evaluation,do not apply relaxed mapping unless curated,MONDO OBO latest,https://github.com/monarch-initiative/mondo/releases/latest/download/mondo.obo,Obsolete/replacement status parsed from latest MONDO OBO downloaded for v2 final audit.
MONDO:0044224,"obsolete apocrine gland secretion, variation 1n",True,,,,True,NOT_FOUND,manual_review_keep_original,retain original with warning; do not silently map,keep original v59 MONDO ID for exact evaluation,do not apply relaxed mapping unless curated,MONDO OBO latest,https://github.com/monarch-initiative/mondo/releases/latest/download/mondo.obo,Obsolete/replacement status parsed from latest MONDO OBO downloaded for v2 final audit.
MONDO:0044227,"obsolete dimples, facial",True,,,,True,NOT_FOUND,manual_review_keep_original,retain original with warning; do not silently map,keep original v59 MONDO ID for exact evaluation,do not apply relaxed mapping unless curated,MONDO OBO latest,https://github.com/monarch-initiative/mondo/releases/latest/download/mondo.obo,Obsolete/replacement status parsed from latest MONDO OBO downloaded for v2 final audit.
MONDO:0044228,obsolete eegbqtl,True,,,,True,NOT_FOUND,manual_review_keep_original,retain original with warning; do not silently map,keep original v59 MONDO ID for exact evaluation,do not apply relaxed mapping unless curated,MONDO OBO latest,https://github.com/monarch-initiative/mondo/releases/latest/download/mondo.obo,Obsolete/replacement status parsed from latest MONDO OBO downloaded for v2 final audit.
MONDO:0044229,obsolete epiblepharon of lower 51d,True,,,,True,NOT_FOUND,manual_review_keep_original,retain original with warning; do not silently map,keep original v59 MONDO ID for exact evaluation,do not apply relaxed mapping unless curated,MONDO OBO latest,https://github.com/monarch-initiative/mondo/releases/latest/download/mondo.obo,Obsolete/replacement status parsed from latest MONDO OBO downloaded for v2 final audit.
MONDO:0044230,obsolete epiblepharon of upper 51d,True,,,,True,NOT_FOUND,manual_review_keep_original,retain original with warning; do not silently map,keep original v59 MONDO ID for exact evaluation,do not apply relaxed mapping unless curated,MONDO OBO latest,https://github.com/monarch-initiative/mondo/releases/latest/download/mondo.obo,Obsolete/replacement status parsed from latest MONDO OBO downloaded for v2 final audit.
MONDO:0044232,"obsolete fingers, relative length of",True,,,,True,NOT_FOUND,manual_review_keep_original,retain original with warning; do not silently map,keep original v59 MONDO ID for exact evaluation,do not apply relaxed mapping unless curated,MONDO OBO latest,https://github.com/monarch-initiative/mondo/releases/latest/download/mondo.obo,Obsolete/replacement status parsed from latest MONDO OBO downloaded for v2 final audit.
MONDO:0044234,obsolete hrm2,True,,,,True,NOT_FOUND,manual_review_keep_original,retain original with warning; do not silently map,keep original v59 MONDO ID for exact evaluation,do not apply relaxed mapping unless curated,MONDO OBO latest,https://github.com/monarch-initiative/mondo/releases/latest/download/mondo.obo,Obsolete/replacement status parsed from latest MONDO OBO downloaded for v2 final audit.
MONDO:0044236,"obsolete hepatitis b vaccine, response to",True,,,,True,NOT_FOUND,manual_review_keep_original,retain original with warning; do not silently map,keep original v59 MONDO ID for exact evaluation,do not apply relaxed mapping unless curated,MONDO OBO latest,https://github.com/monarch-initiative/mondo/releases/latest/download/mondo.obo,Obsolete/replacement status parsed from latest MONDO OBO downloaded for v2 final audit.
MONDO:0044238,obsolete lunulae of fingernails,True,,,,True,NOT_FOUND,manual_review_keep_original,retain original with warning; do not silently map,keep original v59 MONDO ID for exact evaluation,do not apply relaxed mapping unless curated,MONDO OBO latest,https://github.com/monarch-initiative/mondo/releases/latest/download/mondo.obo,Obsolete/replacement status parsed from latest MONDO OBO downloaded for v2 final audit.
MONDO:0044239,obsolete median-ulnar nerve communications,True,,,,True,NOT_FOUND,manual_review_keep_original,retain original with warning; do not silently map,keep original v59 MONDO ID for exact evaluation,do not apply relaxed mapping unless curated,MONDO OBO latest,https://github.com/monarch-initiative/mondo/releases/latest/download/mondo.obo,Obsolete/replacement status parsed from latest MONDO OBO downloaded for v2 final audit.
MONDO:0044240,obsolete musical perfect pitch,True,,,,True,NOT_FOUND,manual_review_keep_original,retain original with warning; do not silently map,keep original v59 MONDO ID for exact evaluation,do not apply relaxed mapping unless curated,MONDO OBO latest,https://github.com/monarch-initiative/mondo/releases/latest/download/mondo.obo,Obsolete/replacement status parsed from latest MONDO OBO downloaded for v2 final audit.
MONDO:0044241,obsolete mydriatic response to pharmacologic agents,True,,,,True,NOT_FOUND,manual_review_keep_original,retain original with warning; do not silently map,keep original v59 MONDO ID for exact evaluation,do not apply relaxed mapping unless curated,MONDO OBO latest,https://github.com/monarch-initiative/mondo/releases/latest/download/mondo.obo,Obsolete/replacement status parsed from latest MONDO OBO downloaded for v2 final audit.
MONDO:0044242,"obsolete mydriasis, congenital",True,,,,True,NOT_FOUND,manual_review_keep_original,retain original with warning; do not silently map,keep original v59 MONDO ID for exact evaluation,do not apply relaxed mapping unless curated,MONDO OBO latest,https://github.com/monarch-initiative/mondo/releases/latest/download/mondo.obo,Obsolete/replacement status parsed from latest MONDO OBO downloaded for v2 final audit.
MONDO:0044243,obsolete nail high-sulfur protein,True,,,,True,NOT_FOUND,manual_review_keep_original,retain original with warning; do not silently map,keep original v59 MONDO ID for exact evaluation,do not apply relaxed mapping unless curated,MONDO OBO latest,https://github.com/monarch-initiative/mondo/releases/latest/download/mondo.obo,Obsolete/replacement status parsed from latest MONDO OBO downloaded for v2 final audit.
MONDO:0044244,obsolete nail low-sulfur protein,True,,,,True,NOT_FOUND,manual_review_keep_original,retain original with warning; do not silently map,keep original v59 MONDO ID for exact evaluation,do not apply relaxed mapping unless curated,MONDO OBO latest,https://github.com/monarch-initiative/mondo/releases/latest/download/mondo.obo,Obsolete/replacement status parsed from latest MONDO OBO downloaded for v2 final audit.
MONDO:0044245,"obsolete nailbeds, pigmentation of",True,,,,True,NOT_FOUND,manual_review_keep_original,retain original with warning; do not silently map,keep original v59 MONDO ID for exact evaluation,do not apply relaxed mapping unless curated,MONDO OBO latest,https://github.com/monarch-initiative/mondo/releases/latest/download/mondo.obo,Obsolete/replacement status parsed from latest MONDO OBO downloaded for v2 final audit.
MONDO:0044246,"obsolete nystagmus, voluntary",True,,,,True,NOT_FOUND,manual_review_keep_original,retain original with warning; do not silently map,keep original v59 MONDO ID for exact evaluation,do not apply relaxed mapping unless curated,MONDO OBO latest,https://github.com/monarch-initiative/mondo/releases/latest/download/mondo.obo,Obsolete/replacement status parsed from latest MONDO OBO downloaded for v2 final audit.
MONDO:0044248,obsolete thiourea tasting,True,,,,True,NOT_FOUND,manual_review_keep_original,retain original with warning; do not silently map,keep original v59 MONDO ID for exact evaluation,do not apply relaxed mapping unless curated,MONDO OBO latest,https://github.com/monarch-initiative/mondo/releases/latest/download/mondo.obo,Obsolete/replacement status parsed from latest MONDO OBO downloaded for v2 final audit.
MONDO:0044250,"obsolete tongue curling, folding, or rolling",True,,,,True,NOT_FOUND,manual_review_keep_original,retain original with warning; do not silently map,keep original v59 MONDO ID for exact evaluation,do not apply relaxed mapping unless curated,MONDO OBO latest,https://github.com/monarch-initiative/mondo/releases/latest/download/mondo.obo,Obsolete/replacement status parsed from latest MONDO OBO downloaded for v2 final audit.
MONDO:0044252,"obsolete skin/hair/eye pigmentation, variation in, 6",True,,,,True,NOT_FOUND,manual_review_keep_original,retain original with warning; do not silently map,keep original v59 MONDO ID for exact evaluation,do not apply relaxed mapping unless curated,MONDO OBO latest,https://github.com/monarch-initiative/mondo/releases/latest/download/mondo.obo,Obsolete/replacement status parsed from latest MONDO OBO downloaded for v2 final audit.
MONDO:0044253,"obsolete dermatoglyphics--palmar triradius d, absence of",True,,,,True,NOT_FOUND,manual_review_keep_original,retain original with warning; do not silently map,keep original v59 MONDO ID for exact evaluation,do not apply relaxed mapping unless curated,MONDO OBO latest,https://github.com/monarch-initiative/mondo/releases/latest/download/mondo.obo,Obsolete/replacement status parsed from latest MONDO OBO downloaded for v2 final audit.
MONDO:0044254,obsolete dermatoglyphics--hypothenar radial arch,True,,,,True,NOT_FOUND,manual_review_keep_original,retain original with warning; do not silently map,keep original v59 MONDO ID for exact evaluation,do not apply relaxed mapping unless curated,MONDO OBO latest,https://github.com/monarch-initiative/mondo/releases/latest/download/mondo.obo,Obsolete/replacement status parsed from latest MONDO OBO downloaded for v2 final audit.
MONDO:0044256,"obsolete skin/hair/eye pigmentation, variation in, 5",True,,,,True,NOT_FOUND,manual_review_keep_original,retain original with warning; do not silently map,keep original v59 MONDO ID for exact evaluation,do not apply relaxed mapping unless curated,MONDO OBO latest,https://github.com/monarch-initiative/mondo/releases/latest/download/mondo.obo,Obsolete/replacement status parsed from latest MONDO OBO downloaded for v2 final audit.
MONDO:0044257,obsolete lutheran null,True,,,,True,NOT_FOUND,manual_review_keep_original,retain original with warning; do not silently map,keep original v59 MONDO ID for exact evaluation,do not apply relaxed mapping unless curated,MONDO OBO latest,https://github.com/monarch-initiative/mondo/releases/latest/download/mondo.obo,Obsolete/replacement status parsed from latest MONDO OBO downloaded for v2 final audit.
MONDO:0044259,"obsolete skin/hair/eye pigmentation, variation in, 2",True,,,,True,NOT_FOUND,manual_review_keep_original,retain original with warning; do not silently map,keep original v59 MONDO ID for exact evaluation,do not apply relaxed mapping unless curated,MONDO OBO latest,https://github.com/monarch-initiative/mondo/releases/latest/download/mondo.obo,Obsolete/replacement status parsed from latest MONDO OBO downloaded for v2 final audit.
MONDO:0044261,obsolete menoq1,True,,,,True,NOT_FOUND,manual_review_keep_original,retain original with warning; do not silently map,keep original v59 MONDO ID for exact evaluation,do not apply relaxed mapping unless curated,MONDO OBO latest,https://github.com/monarch-initiative/mondo/releases/latest/download/mondo.obo,Obsolete/replacement status parsed from latest MONDO OBO downloaded for v2 final audit.
MONDO:0044262,"obsolete cyanide, inability to smell",True,,,,True,NOT_FOUND,manual_review_keep_original,retain original with warning; do not silently map,keep original v59 MONDO ID for exact evaluation,do not apply relaxed mapping unless curated,MONDO OBO latest,https://github.com/monarch-initiative/mondo/releases/latest/download/mondo.obo,Obsolete/replacement status parsed from latest MONDO OBO downloaded for v2 final audit.
MONDO:0044264,"obsolete radial loop, plain, on right index finger",True,,,,True,NOT_FOUND,manual_review_keep_original,retain original with warning; do not silently map,keep original v59 MONDO ID for exact evaluation,do not apply relaxed mapping unless curated,MONDO OBO latest,https://github.com/monarch-initiative/mondo/releases/latest/download/mondo.obo,Obsolete/replacement status parsed from latest MONDO OBO downloaded for v2 final audit.
MONDO:0044265,obsolete tooth size,True,,,,True,NOT_FOUND,manual_review_keep_original,retain original with warning; do not silently map,keep original v59 MONDO ID for exact evaluation,do not apply relaxed mapping unless curated,MONDO OBO latest,https://github.com/monarch-initiative/mondo/releases/latest/download/mondo.obo,Obsolete/replacement status parsed from latest MONDO OBO downloaded for v2 final audit.
MONDO:0044268,obsolete transsexuality,True,,,,True,NOT_FOUND,manual_review_keep_original,retain original with warning; do not silently map,keep original v59 MONDO ID for exact evaluation,do not apply relaxed mapping unless curated,MONDO OBO latest,https://github.com/monarch-initiative/mondo/releases/latest/download/mondo.obo,Obsolete/replacement status parsed from latest MONDO OBO downloaded for v2 final audit.
MONDO:0044271,obsolete bone mineral density quantitative trait locus 1,True,,,,True,NOT_FOUND,manual_review_keep_original,retain original with warning; do not silently map,keep original v59 MONDO ID for exact evaluation,do not apply relaxed mapping unless curated,MONDO OBO latest,https://github.com/monarch-initiative/mondo/releases/latest/download/mondo.obo,Obsolete/replacement status parsed from latest MONDO OBO downloaded for v2 final audit.
MONDO:0044272,obsolete body mass index quantitative trait locus 9,True,,,,True,NOT_FOUND,manual_review_keep_original,retain original with warning; do not silently map,keep original v59 MONDO ID for exact evaluation,do not apply relaxed mapping unless curated,MONDO OBO latest,https://github.com/monarch-initiative/mondo/releases/latest/download/mondo.obo,Obsolete/replacement status parsed from latest MONDO OBO downloaded for v2 final audit.
MONDO:0044273,"obsolete hypertension, diastolic, resistance to",True,,,,True,NOT_FOUND,manual_review_keep_original,retain original with warning; do not silently map,keep original v59 MONDO ID for exact evaluation,do not apply relaxed mapping unless curated,MONDO OBO latest,https://github.com/monarch-initiative/mondo/releases/latest/download/mondo.obo,Obsolete/replacement status parsed from latest MONDO OBO downloaded for v2 final audit.
MONDO:0044274,"obsolete hemoglobin, high altitude adaptation",True,,,,True,NOT_FOUND,manual_review_keep_original,retain original with warning; do not silently map,keep original v59 MONDO ID for exact evaluation,do not apply relaxed mapping unless curated,MONDO OBO latest,https://github.com/monarch-initiative/mondo/releases/latest/download/mondo.obo,Obsolete/replacement status parsed from latest MONDO OBO downloaded for v2 final audit.
MONDO:0044275,obsolete carotid intimal medial thickness 1,True,,,,True,NOT_FOUND,manual_review_keep_original,retain original with warning; do not silently map,keep original v59 MONDO ID for exact evaluation,do not apply relaxed mapping unless curated,MONDO OBO latest,https://github.com/monarch-initiative/mondo/releases/latest/download/mondo.obo,Obsolete/replacement status parsed from latest MONDO OBO downloaded for v2 final audit.
MONDO:0044276,"obsolete skin/hair/eye pigmentation, variation in, 11",True,,,,True,NOT_FOUND,manual_review_keep_original,retain original with warning; do not silently map,keep original v59 MONDO ID for exact evaluation,do not apply relaxed mapping unless curated,MONDO OBO latest,https://github.com/monarch-initiative/mondo/releases/latest/download/mondo.obo,Obsolete/replacement status parsed from latest MONDO OBO downloaded for v2 final audit.
MONDO:0044277,"obsolete uric acid concentration, serum, quantitative trait locus 4",True,,,,True,NOT_FOUND,manual_review_keep_original,retain original with warning; do not silently map,keep original v59 MONDO ID for exact evaluation,do not apply relaxed mapping unless curated,MONDO OBO latest,https://github.com/monarch-initiative/mondo/releases/latest/download/mondo.obo,Obsolete/replacement status parsed from latest MONDO OBO downloaded for v2 final audit.
MONDO:0044279,obsolete bone mineral density quantitative trait locus 15,True,,,,True,NOT_FOUND,manual_review_keep_original,retain original with warning; do not silently map,keep original v59 MONDO ID for exact evaluation,do not apply relaxed mapping unless curated,MONDO OBO latest,https://github.com/monarch-initiative/mondo/releases/latest/download/mondo.obo,Obsolete/replacement status parsed from latest MONDO OBO downloaded for v2 final audit.
MONDO:0044283,obsolete body mass index quantitative trait locus 18,True,,,,True,NOT_FOUND,manual_review_keep_original,retain original with warning; do not silently map,keep original v59 MONDO ID for exact evaluation,do not apply relaxed mapping unless curated,MONDO OBO latest,https://github.com/monarch-initiative/mondo/releases/latest/download/mondo.obo,Obsolete/replacement status parsed from latest MONDO OBO downloaded for v2 final audit.
MONDO:0054749,obsolete body mass index quantitative trait locus 19,True,,,,True,NOT_FOUND,manual_review_keep_original,retain original with warning; do not silently map,keep original v59 MONDO ID for exact evaluation,do not apply relaxed mapping unless curated,MONDO OBO latest,https://github.com/monarch-initiative/mondo/releases/latest/download/mondo.obo,Obsolete/replacement status parsed from latest MONDO OBO downloaded for v2 final audit.
MONDO:0850090,obsolete fibrosis-neurodegeneration-cerebral angiomatosis syndrome,True,MONDO:0032651,"fibrosis, neurodegeneration, and cerebral angiomatosis",,True,NOT_FOUND,map_for_rag_and_relaxed_eval_keep_original_for_exact_eval,expand retrieval with replaced_by MONDO while retaining original v59 ID,keep original v59 MONDO ID for exact evaluation,count replacement hit only in separately reported relaxed evaluation,MONDO OBO latest,https://github.com/monarch-initiative/mondo/releases/latest/download/mondo.obo,Obsolete/replacement status parsed from latest MONDO OBO downloaded for v2 final audit.
MONDO:0859761,obsolete SLC12A2-related autosomal recessive neonatal-developmental delay-intellectual disability-feeding difficulty-sensorineural deafness syndrome,True,MONDO:0033664,Kilquist syndrome,,True,NOT_FOUND,map_for_rag_and_relaxed_eval_keep_original_for_exact_eval,expand retrieval with replaced_by MONDO while retaining original v59 ID,keep original v59 MONDO ID for exact evaluation,count replacement hit only in separately reported relaxed evaluation,MONDO OBO latest,https://github.com/monarch-initiative/mondo/releases/latest/download/mondo.obo,Obsolete/replacement status parsed from latest MONDO OBO downloaded for v2 final audit.
MONDO:0859762,obsolete SLC12A2-related autosomal dominant infantile-developmental delay-intellectual disability-sensorineural deafness syndrome,True,MONDO:0033667,Delpire-McNeill syndrome,,True,NOT_FOUND,map_for_rag_and_relaxed_eval_keep_original_for_exact_eval,expand retrieval with replaced_by MONDO while retaining original v59 ID,keep original v59 MONDO ID for exact evaluation,count replacement hit only in separately reported relaxed evaluation,MONDO OBO latest,https://github.com/monarch-initiative/mondo/releases/latest/download/mondo.obo,Obsolete/replacement status parsed from latest MONDO OBO downloaded for v2 final audit.
MONDO:0013935,obsolete Usher syndrome type 1J,True,MONDO:0012273,autosomal recessive nonsyndromic hearing loss 48,,True,NOT_FOUND,map_for_rag_and_relaxed_eval_keep_original_for_exact_eval,expand retrieval with replaced_by MONDO while retaining original v59 ID,keep original v59 MONDO ID for exact evaluation,count replacement hit only in separately reported relaxed evaluation,MONDO OBO latest,https://github.com/monarch-initiative/mondo/releases/latest/download/mondo.obo,Obsolete/replacement status parsed from latest MONDO OBO downloaded for v2 final audit.
